name	exactAddress	ambiance	signatureMenu	menuFeatures	positiveReviews	negativeReview	reviewLinks	waitingSystem	hasPlugs	parkingInfo	hasDecaf	isLargeCafe	isPetFriendly	comparisons	latitude	longitude
더티트렁크	경기 파주시 지목로 114	공장형 빈티지, 압도적인 규모의 인생샷 포토존, 왁자지껄한 분위기	더티블랙라떼, 내슈빌 치킨버거	자극적이고 풍성한 비주얼의 미국식 브런치와 거친 텍스처의 시그니처 커피	공간이 주는 압도감이 엄청납니다|어디서 찍어도 사진이 잘 나와요|빵과 브런치 양이 푸짐해요	주말에는 사람이 너무 많아서 대화하기 힘들 정도로 시끄럽습니다.	https://blog.naver.com/dirty|https://youtube.com/dirty	주말 피크타임 자리 눈치게임 필수	False	전용 대형 주차장 완비 (주차 요원 안내)	True	True	False	
테라로사 서종점	경기 양평군 서종면 북한강로 992	북한강 뷰, 높은 층고와 붉은 벽돌의 따뜻한 분위기, 핸드드립 전문	오늘의 드립커피, 까눌레	다양한 산지의 스페셜티 원두를 직접 로스팅하여 신선한 드립 커피 제공	커피 맛은 의심할 여지가 없습니다|계단식 좌석에서 책 읽기 좋아요|드라이브 코스로 완벽합니다	유명세만큼 주말 주차 진입이 상당히 오래 걸립니다.	https://blog.naver.com/terarosa	대기표 발권 후 웨이팅 (주말 30분 이상)	False	제1~3 전용 주차장 구비	True	True	True	나인블럭|커피 맛|테라로사 쪽이 산미 있는 스페셜티 원두 라인업이 훨씬 다양함
앤트러사이트 합정	서울 마포구 토정로5길 10	폐공장을 개조한 인더스트리얼 인테리어, 집중하기 좋은 약간의 어두움	나쓰메 소세키 (블렌드), 버터 팻 트리오	묵직하고 다크한 원두부터 산뜻한 과일향까지 문학 작가 이름의 블렌딩 원두	노트북 작업하거나 책 읽기 최고의 분위기|공간이 넓고 좌석 간격이 넉넉합니다|커피 향이 공간을 가득 채워요	의자와 테이블 높낮이가 안 맞는 자리가 많아 오래 앉아있기 불편합니다.	https://youtube.com/anthracite	주말 오후 시간대 일시적 만석	True	매장 앞 3~4대 협소 (인근 공영주차장 이용 권장)	True	False	False	
카멜커피 도산	서울 강남구 도산대로45길 16-8	유럽 빈티지 감성, 아담하고 따뜻한 색감, 인스타그래머블	카멜커피(아인슈패너), 앙버터	진한 에스프레소 위에 달콤하고 쫀쫀한 우유 크림이 올라간 시그니처 크림 커피	크림과 커피의 밸런스가 기가 막힙니다|매장 곳곳의 빈티지 가구들이 너무 예뻐요|앙버터 빵이 바삭하고 버터 풍미가 좋아요	매장이 좁고 대기가 너무 길어서 여유롭게 즐기기 어렵습니다.	https://blog.naver.com/camel	테이블링 원격 줄서기 필수 (대기 1~2시간)	False	발렛파킹 가능	False	False	True	하프커피|크림 텍스처|하프커피(버터크림)보다 카멜커피가 조금 더 묽고 커피향이 진함
모아니	경기 성남시 분당구 윷골길 116	산자락에 위치한 자연 친화적 뷰, 통창, 깔끔하고 모던한 건축물	바닐라 빈 라떼, 소금빵	수제 바닐라 빈 시럽을 사용해 고급스러운 단맛을 낸 라떼와 담백한 베이커리	숲 속에 온 듯한 뷰가 힐링 그 자체입니다|건축물이 갤러리처럼 아름다워요|테라스석 분위기가 최고입니다	산길을 꽤 올라가야 하고, 가격대가 전반적으로 매우 높습니다. (노키즈존 운영)	https://youtube.com/moani	주말 웨이팅 시스템 등록	False	자체 주차장 (결제 금액에 따라 무료 시간 다름)	True	True	False	
카페 진정성 본점	경기 김포시 하성면 하성로 660	모던하고 미니멀한 건축물, 잔디밭, 통창 너머 한적한 풍경	오리지널 골드 밀크티, 티라미수	홍차잎을 100% 우유로 냉침해 끓여낸 묵직하고 덜 단 진짜 밀크티	밀크티의 깊은 맛은 여기가 전국 1등입니다|공간이 넓고 자연과 어우러져 여유롭습니다|병 밀크티 포장해가기 좋아요	대중교통으로 접근이 불가능에 가까운 위치입니다.	https://blog.naver.com/jinjung	테이크아웃은 바로 가능, 착석은 눈치게임	False	제1~2 주차장 완비 (주차 공간 넉넉함)	False	True	False	클로리스|밀크티 맛|클로리스보다 단맛이 적고 우유의 묵직함이 강함
블루보틀 성수	서울 성동구 아차산로 7	노출 콘크리트 미니멀리즘, 채광이 좋은 통창, 바리스타와 소통하는 열린 바	놀라 플로트 (아이스크림 커피), 드립 커피	유기농 우유 아이스크림을 올린 뉴올리언스 스타일 아이스 커피	커피 맛이 아주 부드럽고 깔끔합니다|굿즈(MD)가 너무 예뻐서 사고 싶어져요|바리스타분들이 아주 친절합니다	의자가 딱딱하고 등받이가 없어 오래 앉아있기 힘든 디자인입니다.	https://youtube.com/bluebottle	오픈 직후 제외하면 웨이팅 거의 없음	False	주차 불가 (인근 유료주차장 이용)	True	False	True	
카페 레이어드 안국	서울 종로구 북촌로2길 2-3	영국식 스콘과 케이크가 쌓여있는 엔틱 감성, 한옥 천장을 살린 인테리어	크랜베리 크림치즈 스콘, 얼그레이 밀크티	묵직하고 버터 향이 강한 영국식 투박한 스콘과 진한 크림 케이크들	스콘 종류가 정말 다양하고 맛있습니다|영국 가정집 분위기가 물씬 납니다|한옥과 유럽 감성의 조화가 독특해요	매장이 협소하고 좌석이 다닥다닥 붙어있어 쾌적하지 않습니다.	https://blog.naver.com/layered	상시 웨이팅 (캐치테이블/테이블링 없음, 현장 대기)	False	주차 불가	False	False	False	스코프|스콘 식감|레이어드 스콘이 좀 더 부드럽고 수분감이 있는 편
나인블럭 기흥점	경기 용인시 기흥구 공세로 34	어둡고 넓은 인더스트리얼 창고형, 가죽 쇼파, 웅장한 사운드	나인블럭 블렌드 아메리카노, 몽블랑 페이스트리	산미를 줄이고 고소함과 바디감을 강조한 다크 로스팅 커피	테이블이 큼직하고 소파가 편안해 작업하거나 대화하기 좋습니다|주차가 매우 편합니다|빵 퀄리티도 준수해요	커피와 베이커리 가격이 다소 비싼 편입니다.	https://youtube.com/9block	매장이 커서 대기 거의 없음	True	전용 대형 주차장 완비 (무료)	True	True	False	
나무사이로	서울 종로구 사직로8길 21	전통 한옥의 고즈넉함과 서까래, 중정이 있는 차분한 분위기	디카페인 아메리카노(풍선껌 향), 드립 커피	국내 1세대 스페셜티 로스터리의 철학이 담긴 화사하고 다채로운 원두 라인업	디카페인 커피 중 가장 향긋하고 맛있습니다|비 오는 날 한옥 마루에서 마시는 커피가 예술입니다|혼자 조용히 머물기 좋아요	골목 안쪽에 있어 처음 찾아갈 때 헤맬 수 있습니다.	https://blog.naver.com/namusairo	주말 만석 시 현장 대기	True	주차 불가	True	False	True	
프로퍼커피바	서울 송파구 위례성대로22길 6	동네 주민들이 사랑하는 힙하고 활기찬 우드톤 공간	헤이즐넛 라떼, 피스타치오 크루아상	기분 좋게 달콤한 시럽과 진한 샷의 조화, 수준 높은 페이스트리 베이커리	동네 카페 퀄리티를 넘어선 커피와 빵 맛입니다|라떼 폼이 정말 부드러워요|채광이 좋아 사진이 따뜻하게 나옵니다	매장이 울리는 구조라 대화 소리가 다소 웅성웅성 들립니다.	https://youtube.com/proper	주말 웨이팅 리스트 수기 작성	False	매장 앞 2~3대 가능 (협소)	True	False	True	
포레스트아웃팅스	경기 고양시 일산동구 고양대로 1124	실내 식물원 컨셉, 분수대와 정원, 웅장하고 거대한 층고	아메리카노, 시즌 생과일 크로아상	대중적인 맛의 원두 2종 선택 가능, 크고 화려한 비주얼의 베이커리류	실내 식물원에 온 것처럼 초록초록해서 부모님 모시고 가기 좋아요|날씨 상관없이 기분 전환하기 최고입니다|좌석이 다양해서 골라 앉는 재미가 있어요	음료와 빵 가격이 뷰티켓 값이라 생각해야 할 정도로 비쌉니다.	https://youtube.com/forest	규모가 워낙 커서 자리는 어떻게든 남 (주차는 대기 필요)	False	초대형 지하/지상 주차장 완비 (안내요원 다수)	True	True	False	더티트렁크|분위기|더티트렁크가 어둡고 빈티지하다면, 포레스트아웃팅스는 밝고 싱그러운 느낌
마일스톤 커피	서울 강남구 논현로153길 46	호주 멜버른 스타일의 캐주얼하고 힙한 분위기, 테라스	호주식 카푸치노, 플랫화이트, 티라미수	코코아 파우더가 듬뿍 올라간 쫀득한 거품의 카푸치노와 수제 마스카포네 티라미수	커피와 티라미수 조합이 환상적입니다|직원분들이 매우매우 친절하고 에너지가 넘쳐요|호주에 온 것 같은 자유로운 분위기입니다	좌석이 많지 않아 평일 애매한 시간에도 웨이팅이 있습니다.	https://blog.naver.com/milestone	웨이팅 패드 입력 (알림톡)	False	발렛파킹 가능	True	False	True	
프릳츠 마포점	서울 마포구 새창로2길 17	레트로 빈티지 코리안 감성, 어두운 조명과 자개장, 마당	잘되어가시나(원두) 브루잉 커피, 크루아상	단맛을 바탕으로 한 훌륭한 밸런스의 블렌딩 원두와 클래식하고 바삭한 프렌치 베이커리	원두를 사가고 싶을 정도로 커피 맛이 뛰어납니다|레트로 감성의 물개 캐릭터 굿즈가 매력적이에요|크루아상이 결대로 바삭하게 찢어집니다	매장 내부가 다소 어둡고 계단이 가파릅니다.	https://youtube.com/fritz	빵 결제 줄과 착석 눈치게임 병행	True	주차 불가 (도화공영주차장 이용)	True	False	False	
어니언 성수	서울 성동구 아차산로9길 8	낡은 공장과 인더스트리얼의 극치, 러프하고 빈티지한 분위기	팡도르, 아메리카노	폐공장을 개조한 공간에서 즐기는 달콤한 베이커리와 고소한 커피	성수동 감성의 끝판왕입니다|옥상 테라스석 분위기가 너무 좋아요|빵 종류가 다양합니다	테이블이 낮아 먹기 불편하고 의자가 딱딱합니다.	https://blog.naver.com/onion_seongsu|https://youtube.com/onion	주말 상시 웨이팅	False	주차 불가 (근처 공영주차장)	False	True	False	대림창고|인더스트리얼 감성|어니언 성수가 대림창고보다 베이커리 종류가 훨씬 다양하고 야외 마당이 넓음
센터커피 성수점	서울 성동구 서울숲2길 28-11	서울숲 뷰, 평화롭고 조용한 숲속 감성	게이샤 드립커피	영국 바리스타 챔피언이 큐레이션한 하이엔드 스페셜티 커피	커피 맛이 정말 깔끔하고 향긋합니다|서울숲을 보며 멍때리기 가장 좋은 곳|디저트도 훌륭해요	매장이 작아 자리 잡기가 매우 힙듭니다.	https://youtube.com/centercoffee	오후 시간대 만석	False	주차 불가 (서울숲 주차장 이용)	True	False	True	메쉬커피|커피 산미|센터커피가 메쉬커피보다 좀 더 화사하고 산뜻한 과일향에 집중함
딩가케이크	서울 마포구 동교로29길 68	미국 레트로 하이틴 영화 세트장 같은 빈티지 팝 감성	얼그레이 케이크, 레드벨벳 케이크	장난감같이 귀여운 비주얼의 꾸덕하고 진한 레터링 케이크들	케이크 비주얼이 너무 예뻐서 사진 찍기 바쁩니다|인테리어가 동화 같아요|얼그레이 향이 진해서 맛있습니다	미국식 케이크라 단맛이 매우 강해 호불호가 갈립니다.	https://blog.naver.com/dingacake	주말 오후 웨이팅 필수	False	주차 불가	False	False	True	하이웨스트|디저트 비주얼|하이웨스트가 빈티지 스콘 중심이라면, 딩가케이크는 미국 하이틴 감성의 레터링 케이크 중심
카페 공명	서울 마포구 연희로 11	출판사에서 운영하는 차분하고 넓은 북카페 느낌	공명밀크티, 우유생크림 스콘	필름 카메라와 책이 어우러진 공간에서 즐기는 달콤한 스콘	노트북 켜고 작업하기 최고의 환경입니다|밀크티 보틀이 예뻐요|스콘 안에 크림이 듬뿍 들어있습니다	카공족이 많아 자리가 잘 나지 않습니다.	https://youtube.com/cafegongmyoung	만석 시 웨이팅 (회전율 낮음)	True	주차 불가	False	True	False	테일러커피|작업 환경|공명이 테일러커피 연남점보다 층고가 높고 콘센트석이 많아 작업하기 더 편함
맥심플랜트	서울 용산구 이태원로 250	통창 뷰, 도심 속 거대한 라이브러리 같은 세련된 복합 공간	맥심 모카골드 라떼, 스페셜티 드립	우리가 아는 믹스커피의 하이엔드 버전과 최고급 원두의 드립 커피	대기업의 자본력이 느껴지는 압도적인 공간입니다|콘센트가 많아 작업하기 좋습니다|층마다 다른 컨셉이 재미있어요	워낙 사람이 많아서 조용한 분위기를 기대하긴 어렵습니다.	https://blog.naver.com/maximplant	규모가 커서 자리는 금방 남	True	지하 주차장 (협소)	True	True	False	스타벅스 리저브 한남|공간 쾌적성|스타벅스보다 맥심플랜트가 좌석 간격이 더 넓고 라이브러리 존이 분리되어 있어 조용함
새들러하우스	서울 강남구 도산대로17길 10	아늑하고 유럽 지하 와인바 같은 포근한 분위기	프렌치 와플(크로플)	겉바속촉의 정석, 한국 크로플 열풍을 이끈 버터 풍미 가득한 크로플	인생 크로플입니다. 무조건 드세요|바질 크로플의 단짠 조합이 미쳤습니다|선물 포장용으로도 아주 좋아요	매장 취식보다 포장 대기가 더 길 때가 많습니다.	https://youtube.com/saddlerhaus	포장/취식 모두 웨이팅 필수	False	발렛파킹 가능	False	False	True	아우프글렛|크로플 식감|아우프글렛이 아이스크림과의 조화를 중시한다면, 새들러하우스는 크로플 자체의 바삭함과 코팅(바질 등)에 집중함
스타벅스 더양평DTR점	경기 양평군 양평읍 양근로 76	국내 최대 규모 스벅, 남한강이 한눈에 보이는 리저브 전용 뷰	리저브 콜드브루, 매장에서 직접 굽는 빵	일반 스벅에 없는 양평 전용 베이커리와 프리미엄 리저브 커피	강을 바라보며 마시는 커피가 힐링입니다|규모가 커서 구경하는 재미가 있어요|직접 굽는 빵 퀄리티가 스벅 이상입니다	주말엔 시장통을 방불케 할 정도로 사람이 미어터집니다.	https://blog.naver.com/starbucksdtr	주문 대기 30분, 자리 잡기 눈치게임	True	전용 주차장 (혼잡)	True	True	False	스타벅스 리버사이드팔당DTR|뷰와 규모|양평DTR이 팔당DTR보다 매장 규모와 베이커리 메뉴 라인업이 훨씬 압도적임
요새 (YOSE)	경기 남양주시 와부읍 경강로926번길 38	한강을 마주보는 하얀색 2층 저택, 테라스석의 여유로움	요새 시그니처 햄버거, 자몽에이드	커피뿐 아니라 수제 버거와 샐러드가 맛있는 브런치 맛집	테라스에서 보는 한강 일몰이 예술입니다|수제버거가 정말 맛있어요|드라이브하다 들르기 딱 좋은 위치입니다	강변이라 저녁이 되면 날벌레가 좀 있습니다.	https://youtube.com/yose	야외 명당 자리는 치열함	False	전용 주차장	False	True	False	나인블럭 뷰 팔당점|테라스 뷰|요새가 나인블럭보다 한강과 더 가깝게 닿아있어 야외 정원 느낌이 강함
말똥도넛 디저트타운	경기 파주시 지목로 137	미국 서부 LA 놀이공원 컨셉, 화려한 네온사인과 핑크빛 인테리어	말똥 오리지널 도넛, 말똥 젤라또	당이 폭발할 것 같은 알록달록한 아메리칸 스타일 도넛과 젤라또	사진이 진짜 잘 나와서 인스타용으로 최고입니다|도넛 비주얼이 화려해요|아이들이 너무 좋아합니다	도넛이 너무 달아서 많이 먹기 힘들고, 줄이 너무 깁니다.	https://blog.naver.com/malddong	주말 웨이팅 1시간 이상	False	전용 대형 주차장 (안내원 있음)	False	True	False	노티드|도넛 스타일|노티드가 부드러운 우유크림이라면 말똥도넛은 화려한 글레이징과 토핑 위주
비루개	경기 남양주시 별내면 용암비루개길 219-88	산꼭대기에 위치한 대형 온실 식물원, 해먹과 텐트 좌석	아메리카노, 구워먹는 소시지와 가래떡	산속 식물원에서 캠핑하듯 모닥불에 직접 구워먹는 주전부리	진짜 산속 깊은 곳이라 공기가 다릅니다|해먹 자리가 너무 편해서 잠이 와요|별 보러 가기 좋은 카페입니다	올라가는 길이 매우 가파르고 좁아서 초보운전은 위험합니다.	https://youtube.com/birugae	해먹 자리는 현장 예약 필수	False	대형 주차장 완비	False	True	False	식물관PH|식물원 컨셉|식물관PH가 모던한 갤러리 느낌이라면 비루개는 거대한 야외 산장 느낌이 강함
카페 노티드 청담	서울 강남구 도산대로53길 15	스마일 캐릭터와 파스텔톤의 귀엽고 아기자기한 감성	우유 생크림 도넛, 바닐라 도넛	입에서 사르르 녹는 폭신한 빵과 느끼하지 않은 우유 생크림의 환상 조화	아무리 먹어도 질리지 않는 덜 단 크림이 일품입니다|패키지가 예뻐서 선물용으로 최고|매장 곳곳이 포토존입니다	매장 취식보다 포장 손님이 많아 어수선합니다.	https://blog.naver.com/knotted_cheongdam	포장 줄 상시 대기 (앱 예약 권장)	False	발렛파킹	False	False	False	랜디스도넛|식감|랜디스는 쫀득하고 묵직한 미국식 식감, 노티드는 폭신하고 가벼운 한국식 생크림 식감
정지영커피로스터즈 장안문점	경기 수원시 팔달구 신풍로 42	수원 화성 성곽이 바로 보이는 루프탑 뷰, 빈티지한 구옥 개조	코코넛 로스터리 라떼, 크루아상	직접 로스팅한 신선한 원두와 달콤고소한 코코넛 라떼의 조화	루프탑에서 성곽 보며 마시는 커피가 기가 막힙니다|수원 행궁동 감성의 원조격입니다|노을 질 때 뷰가 환상적이에요	계단이 가파르고 노키즈존으로 운영됩니다.	https://youtube.com/jungjiyoung	주말 명당 자리 경쟁 치열	False	주차 불가 (인근 화성행궁 공영주차장)	False	False	False	킵댓|로스터리|킵댓이 에스프레소 베이스의 크림 커피에 강하다면, 정지영커피는 코코넛 등 다채로운 시그니처 배리에이션에 강함
카페 뮬라	서울 강남구 압구정로4길 13-12	유리 온실 컨셉의 화이트 톤 대형 카페, 햇살 가득한 채광	대왕 티라미수, 뮬라 그린티 밀크	벽돌 크기의 압도적인 대왕 티라미수와 싱그러운 녹차 음료	사진이 정말 밝고 화사하게 나옵니다|티라미수 양이 어마어마해서 돈이 아깝지 않아요|도심 속 온실이라 힐링됩니다	유리 온실이라 한여름 낮에는 에어컨을 틀어도 다소 덥습니다.	https://blog.naver.com/cafemula	주말 오후 대기 발생	False	발렛파킹	False	False	True	식물학|그린테리어|식물학이 도심 속 작은 식물원이라면 뮬라는 거대한 대저택 온실 느낌
도토리 가든	서울 종로구 계동길 19-8	스튜디오 지브리 애니메이션에 들어온 듯한 신비로운 폐가 컨셉	도토리빵, 그릭 요거트	도토리 모양을 한 귀여운 마들렌과 꾸덕한 수제 그릭 요거트볼	외관부터 내부까지 동화 속에 들어온 기분입니다|그릭 요거트가 정말 꾸덕하고 신선해요|굿즈들이 너무 귀엽습니다	공간이 미로 같고 계단이 많아 조금 위험할 수 있습니다.	https://youtube.com/dotorigarden	입장부터 줄 서서 빵 고르는 시스템	False	주차 불가	False	False	False	런던베이글뮤지엄|세계관 몰입도|런던베이글이 영국을 구현했다면, 도토리가든은 지브리 감성의 숲속 오두막을 완벽히 구현함
마하 한남	서울 용산구 무지개아파트 상가 4층	한강과 도심이 파노라마로 펼쳐지는 모던하고 차분한 건축 작업실 느낌	마하 블렌드 커피, 치즈 케이크	건축가 최동규의 작업실을 개조해 만든 묵직하고 깊은 맛의 핸드드립 전용 카페	통창으로 보이는 한강 야경이 최고입니다|음악과 공간의 울림이 좋아서 혼자 사색하기 완벽해요|커피 향이 아주 깊습니다	오래된 아파트 상가라 화장실 등 부대시설이 열악합니다.	https://blog.naver.com/machahannam	조용한 분위기 유지를 위해 웨이팅 있음	True	주차 불가 (인근 공영주차장 도보 이동)	False	False	False	맥심플랜트|전망|맥심플랜트가 도심 한복판 뷰라면 마하 한남은 한강과 다리 야경이 파노라마로 펼쳐지는 뷰
비캔드	서울 마포구 포은로 71-12	망원동. 모던하고 유럽 감성을 느낄 수 있는 브런치 핫플	프렌치토스트, 브륄레 토스트	겉면을 캐러멜라이징한 브륄레 스타일의 촉촉하고 부드러운 프렌치토스트	프렌치토스트가 정말 겉바속촉이고 달달해서 기분이 좋아집니다|새로 이전해서 매장이 더 넓고 인테리어도 예뻐요|아메리카노랑 프렌치토스트 조합이 최고입니다	일주일 중 특정 요일에만 영업을 하는 경우가 있어 방문 날짜를 맞추기 어렵습니다.	https://blog.naver.com/hana1234_321/224152826826|https://blog.naver.com/98ost|https://blog.naver.com/yoon___only20/224297879481	주말 피크 웨이팅	False	주차 불가 (대중교통 권장)	False	False	False	키오스크|프렌치토스트 맛집|키오스크(망원)가 클래식하고 폭신한 프렌치토스트라면, 비캔드는 겉면을 바삭하게 캐러멜라이징한 브륄레 프렌치토스트	37.5572259	126.9073816
오하하하우스	경기 수원시 팔달구 덕영대로895번길 9-6	수원 고등동의 아기자기하고 귀여운 테이크아웃 디저트 샵	두바이 초콜릿 디저트, 키티 마들렌	트렌디한 두바이 초콜릿을 활용한 구움과자와 바스크 치즈 케이크	두바이 초콜릿 디저트가 유행이라 먹어봤는데 식감이 정말 재밌고 맛있어요|키티랑 곰돌이 모양 마들렌이 너무 귀여워서 선물용으로 딱입니다|사장님이 친절하시고 디저트 라인업이 자주 바뀌어서 좋아요	매장 내에 테이블이 하나밖에 없어서 안에서 먹고 가기에는 무리가 있습니다.	https://blog.naver.com/auspiciouss_-/224303565136|https://blog.naver.com/thdud9006|https://blog.naver.com/uu5959/223993028241	테이크아웃 위주라 웨이팅 거의 없음	False	주차 정보 없음	False	False	False	수원 정지영커피|수원 디저트|수원 행궁동 정지영커피가 루프탑 뷰와 커피로 유명하다면, 고등동 오하하하우스는 귀엽고 트렌디한 포장 위주의 구움과자	37.2691729	127.0000693
1020룸	서울 중구 수표로10길 20	을지로 골목에 위치한 프라이빗하고 조용한 소규모 카페	아메리카노, 쿠키	을지로 특유의 레트로한 분위기와 조용히 쉴 수 있는 프라이빗한 공간	을지로에서 사람 많고 시끄러운 곳을 피해 조용히 대화하기 좋습니다|사장님이 친절하시고 커피 맛도 기본에 충실합니다|레트로한 감성이 묻어나는 골목 카페라 사진 찍기 좋아요	뚜렷한 시그니처 메뉴나 디저트가 없어 멀리서 찾아올 정도는 아닙니다.	https://blog.naver.com/fnvidir/224202126405|https://blog.naver.com/ol_xlw|https://blog.naver.com/lovely-jjh	웨이팅 없음	False	주차 정보 없음	False	False	False	을지로 혜민당|을지로 레트로 카페|을지로 혜민당이 화려한 개화기 감성의 양과자점이라면, 1020룸은 을지로 골목의 소박하고 프라이빗한 휴식 공간	37.5635634	126.9913805
윤숲 후르츠산도점	서울 광진구 면목로7길 8	군자역 인근. 다쿠아즈 시트로 만든 1티어 과일 산도 전문점	후르츠 산도, 다쿠아즈	폭신한 다쿠아즈 시트와 무너지지 않는 쫀쫀한 크림, 제철 과일의 조화	식빵 대신 다쿠아즈로 만든 산도라 식감이 훨씬 폭신하고 고급스러워요|크림이 전혀 느끼하지 않고 모양이 쫀쫀하게 잘 유지돼서 먹기 편합니다|계절마다 과일이 바뀌어서 시즌별로 도장 깨기 하는 맛이 있어요	인기가 너무 많아 늦게 가면 품절이라 사 먹기가 몹시 힘듭니다.	https://blog.naver.com/kiran1025/223622130851|https://blog.naver.com/sunamaison|https://blog.naver.com/dbwls753659/224199998061	오픈런 및 상시 웨이팅 발생	False	주차 정보 없음	False	False	False	망원 쿠다산도|후르츠 산도|동탄 쿠다산도가 우리쌀 휘낭시에와 직관적인 생크림 과일 산도로 승부한다면, 군자 윤숲은 다쿠아즈 시트를 활용한 1티어 퀄리티의 산도	37.5595399	127.0772777
카케야	경기 화성시 동탄구 동탄오산로 29	동탄 오산동. 정갈하고 모던한 분위기의 수제 디저트 전문점	수제 케이크	파티시에가 매장에서 직접 구워내는 정성스러운 구움과자와 케이크류	매장 인테리어가 깔끔하고 모던해서 조용히 커피 마시기 좋습니다|케이크가 많이 달지 않고 재료 본연의 맛이 잘 느껴져서 맛있어요|동네 산책하다가 들러서 가볍게 당 충전하기 좋은 곳입니다	아직 리뷰가 많지 않아 정보가 부족하며 시그니처 메뉴의 개성이 약할 수 있습니다.	https://blog.naver.com/mongjan|https://blog.naver.com/goroming22|https://blog.naver.com/luvsisi_	웨이팅 없음	False	주차 정보 없음	False	False	False	아이엠브래드 본점|동탄 디저트|동탄 아이엠브래드가 홈메이드 스타일의 친근한 과일 케이크라면, 카케야는 모던한 공간에서 정제된 맛을 내는 수제 디저트	37.1985313	127.0905426
사운드프로바이더 Cafe&Bar	서울 성동구 뚝섬로7길 6	성수동 연무장길. 고음질 스피커와 선곡이 돋보이는 힙한 음악 감상 아지트	필터 커피, 위스키	하이엔드 오디오 시스템에서 흘러나오는 엄선된 플레이리스트와 함께하는 커피	음향 시스템이 정말 훌륭해서 음악에 온전히 몰입할 수 있는 최고의 공간입니다|밤에는 바로 변해서 위스키 한 잔 마시며 분위기 잡기 너무 좋아요|성수동 특유의 힙한 인테리어와 음악이 완벽하게 어울립니다	음악 소리가 꽤 커서 조용히 대화를 나누기에는 다소 부적합할 수 있습니다.	https://blog.naver.com/giufydo|https://blog.naver.com/thisin1234|https://blog.naver.com/mz0603_	저녁 시간 및 주말 대기열 발생	False	주차 정보 없음	False	False	False	음레코드|음악 감상 카페|한남동 음레코드가 바이닐과 레트로 감성의 이태원 아지트라면, 성수 사운드프로바이더는 세련된 하이엔드 오디오 시스템을 갖춘 도심 속 몰입 공간	37.5388378	127.0567305
텟어텟 선릉	서울 강남구 선릉로86길 10-5	선릉역 인근. 논커피 메뉴가 강점인 분위기 좋은 데이트 코스	자색 고구마 라떼, 흑임자 쌀 라떼	다양한 논커피 음료와 스미스 티, 그리고 직접 굽는 에그타르트 등 베이커리	자색 고구마 라떼나 흑임자 라떼처럼 논커피 메뉴가 다양해서 커피 못 마시는 친구랑 오기 좋아요|저녁에는 조명이 어두워져서 분위기가 정말 좋고 데이트하기 딱입니다|에그타르트가 전문점 못지않게 파삭하고 필링이 가득해서 맛있어요	노트북 작업이나 공부하기에는 테이블이 불편하고 조명이 다소 어둡습니다.	https://blog.naver.com/min-imalism/223670074285|https://blog.naver.com/soniahwang13|https://blog.naver.com/enme98	대체로 원활하나 점심시간 직장인 혼잡	False	주차 정보 없음	False	False	False	테라로사 포스코센터점|선릉역 대형 카페|선릉 테라로사가 웅장한 서가와 스페셜티 커피를 제공하는 거대한 공간이라면, 텟어텟은 어두운 조명과 다채로운 논커피 메뉴가 있는 아늑한 데이트 아지트	37.5028964	127.0509528
헤르츠로그	서울 강동구 천호옛길 57	천호동 골목. 과일이 아낌없이 들어간 프리미엄 생과일 케이크 전문점	제철 과일 케이크	최상의 당도를 자랑하는 신선한 과일과 산뜻하고 느끼하지 않은 생크림의 완벽한 조화	케이크에 과일이 진짜 쏟아질 듯이 들어가 있어서 한 입 먹을 때마다 과즙이 터집니다|동물성 생크림이 너무 부드럽고 산뜻해서 혼자 한 판도 먹을 수 있을 것 같아요|천호동에서 퀄리티 있는 디저트를 찾을 때 무조건 1순위로 가는 곳입니다	케이크 한 조각에 1만 원이 훌쩍 넘어 가격대가 꽤 높고 매장 내 취식 공간이 좁습니다.	https://blog.naver.com/ahyun_0107/224290087037|https://blog.naver.com/csndr|https://blog.naver.com/nohe12	매장이 좁아 취식 시 웨이팅 잦음	False	주차 정보 없음	False	False	False	하프파운드|프리미엄 과일 케이크|송파 하프파운드가 황치즈와 과일을 넘나드는 다채로운 구움과자 성지라면, 천호 헤르츠로그는 생과일 자체의 퀄리티에 집중한 프리미엄 조각 케이크	37.5343459	127.1238221
카페 바솔트	경기 화성시 동탄구 반송동 93-6 지1층 b101호	동탄 메타폴리스 인근. 조용히 작업하기 좋은 차분한 톤의 카페	바솔트 크림라떼, 말차 마운틴	고소한 아몬드 크림이 올라간 시그니처 크림라떼와 쾌적한 노트북 작업 환경	콘센트가 잘 되어 있고 분위기가 차분해서 노트북 들고 와서 작업하기 너무 좋습니다|디카페인으로 변경이 가능해서 늦은 오후에도 부담 없이 커피를 즐길 수 있어요|바솔트 크림라떼의 꾸덕한 아몬드 크림이 진짜 고소하고 달콤해서 강추합니다	지하 1층이라 처음 방문 시 매장을 찾기 헷갈릴 수 있습니다.	https://blog.naver.com/sooosb|https://blog.naver.com/angelkeh3|https://blog.naver.com/grit960518/223761346651	평일 웨이팅 없음	True	주차 정보 없음	True	False	False	더 브레드레지던스|동탄 작업하기 좋은 카페|문정 더 브레드레지던스가 베이커리와 함께하는 왁자지껄한 대형 카페라면, 동탄 바솔트는 차분한 인테리어와 디카페인 옵션을 제공하는 조용한 작업 아지트	37.2029589	127.0721583
디오미오 카페	경기 평택시 평택1로 20	평택역 인근 골목의 아늑하고 편안한 분위기의 로컬 카페	아메리카노, 스콘	친구와 조용히 대화 나누기 좋은 편안한 인테리어와 기본에 충실한 메뉴	평택역 근처에서 프랜차이즈가 아닌 조용하고 아늑한 카페를 찾을 때 좋습니다|인테리어가 따뜻해서 머무는 동안 마음이 편안해져요|커피와 스콘의 조합이 무난하고 괜찮습니다	메뉴판이나 디저트 라인업에 특별한 시그니처가 부족해 평범하게 느껴집니다.	https://blog.naver.com/ahyunkim|https://blog.naver.com/rlawngus4582|https://blog.naver.com/ahyunkim/223884981152	웨이팅 없음	False	주차 정보 없음	False	False	False	오브마이버터|평택 감성 카페|평택 오브마이버터가 귀엽고 아기자기한 레터링 케이크 중심의 감성 카페라면, 디오미오 카페는 평택역 골목의 차분하고 소박한 휴식 공간	36.9937846	127.0873957
원스타임오프 평택점	경기 평택시 평택1로12번길 45	평택역 인근. 스터디 카페 뺨치는 차분한 공간과 전문적인 블렌딩 티	블렌딩 티, 냉침 밀크티	직접 향을 맡아보고 고를 수 있는 차(Tea) 라인업과 8시간 이상 냉침한 밀크티	주문 전에 찻잎 향을 직접 맡아보고 고를 수 있는 시스템이 너무 전문적이고 좋아요|2층이 진짜 조용해서 카공하거나 집중해서 작업하기 완벽한 환경입니다|냉침 밀크티가 밍밍하지 않고 향긋하고 깊은 맛이 나서 갈 때마다 마셔요	카공족이 많아 2층에서는 자유롭게 대화하기 눈치 보일 정도로 정숙한 분위기입니다.	https://blog.naver.com/ohjieun98|https://blog.naver.com/seppy_25/224297001686|https://blog.naver.com/totquf0208	주말 오후 스터디 및 데이트 고객으로 혼잡	False	주차 정보 없음	False	False	False	카페 바솔트|카공 및 힐링 카페|동탄 바솔트가 크림라떼와 함께하는 모던한 작업 공간이라면, 평택 원스타임오프는 우드톤 인테리어와 전문적인 블렌딩 티로 마음을 릴랙스시키는 독서실 감성	36.9943216	127.0885545
베이크오이	대구 수성구 충의로 24	대구 만촌동. 화이트 톤 모던 인테리어와 시원한 통창 뷰가 매력적인 브런치 카페	아보카도 베이컨 샌드위치, 잠봉뵈르	피클샵과 같은 건물에 위치하며, 속이 꽉 찬 탄탄한 샌드위치 라인업	3층과 4층 통창 뷰가 너무 좋아서 맑은 날 가면 사진이 정말 예쁘게 나와요|아보카도 샌드위치랑 잠봉뵈르가 정말 실하고 맛있습니다|아래층 피클샵 구경하고 올라와서 커피 한 잔 하기 완벽한 코스입니다	공간은 넓지만 손님이 많을 때는 소리가 울려서 꽤 시끄럽습니다.	https://blog.naver.com/gardenofmayyo|https://blog.naver.com/aruddo|https://blog.naver.com/brownrice85/224282576301	주말 및 피크 타임 웨이팅 발생 (오픈런 추천)	False	주차 정보 없음	False	False	False	룰리커피|수성구 대형 카페|고모역 룰리커피가 벽돌 외관과 로스팅 커피에 집중하는 곳이라면, 베이크오이는 피클샵과 연계된 감각적인 공간과 브런치	35.8637368	128.647114
토오베	서울 종로구 인사동길 62-4	안국역 인근. 백차와 우롱차, 그리고 레몬젤리를 즐길 수 있는 감각적인 예약제 티룸	레몬젤리, 백차/우롱차	다구를 이용해 직접 차를 우려 마시는 경험과 상큼한 레몬젤리의 완벽한 페어링	다구 사용법을 친절하게 알려주셔서 차를 처음 접하는 사람도 즐겁게 마실 수 있어요|시그니처 레몬젤리는 탱글하고 상큼해서 차와 정말 잘 어울립니다|공간이 작지만 창가로 들어오는 햇살과 차분한 분위기가 너무 좋아요	매장이 매우 협소하고 이용 시간(1시간 30분) 제한이 있어 여유롭게 오래 머물기 어렵습니다.	https://blog.naver.com/jjpro18/224250104870|https://blog.naver.com/black7414823/223492392658|https://blog.naver.com/dpwldsl/223991700768	예약제 운영 및 현장 웨이팅	False	주차 불가 (대중교통 권장)	False	False	False	오설록 티하우스|인사동 티룸|북촌 오설록 티하우스가 대중적이고 넓은 현대적 공간이라면, 토오베는 소수 인원이 프라이빗하게 다구를 즐기는 감각적 티룸	37.5753167	126.9837064
포스톤즈 삼청점	서울 종로구 삼청로 103-4	삼청동 수제비 옆. 4층 규모의 대형 통창 한옥 뷰 로스터리 카페	포스톤즈 라떼, 시나몬롤	세련된 건축 디자인의 통창을 통해 북촌 한옥과 숲을 감상할 수 있는 스페셜티 커피	2층 통창에서 보이는 한옥 기와 뷰가 예술이라 어디서 찍어도 인생샷입니다|포스톤즈 라떼가 고소하고 진해서 스페셜티 커피의 진수를 느낄 수 있어요|삼청동 골목 산책하다가 들러서 쉬기 딱 좋은 대형 카페입니다	삼청동 특성상 주차가 매우 어렵고 주말에는 자리 잡기가 하늘의 별 따기입니다.	https://blog.naver.com/falling-up/224247320257|https://blog.naver.com/winner_o_o/224300821099|https://blog.naver.com/luvjiaying	주말 및 휴일 대기열 발생	False	주차 불가 (대중교통 권장)	False	True	False	블루보틀 삼청점|삼청동 뷰 맛집 카페|블루보틀 삼청이 갤러리 감성의 심플한 공간에서 드립 커피를 즐기는 곳이라면, 포스톤즈는 거대한 건축적 스케일과 통창 한옥 뷰가 압도적인 로스터리 카페	37.5847732	126.9816589
로우루프	서울 종로구 북촌로 46-1	북촌 한옥마을. 모던한 공간과 고즈넉한 한옥(휘겸재) 테라스가 공존하는 핫플	식혜 쌀알 무스, 시그니처 크림 라떼	한옥 앞마당에서 즐기는, 한국 전통 재료를 현대적으로 재해석한 퓨전 디저트	휘겸재 한옥 마당에서 커피를 마실 수 있어서 고즈넉한 분위기가 최고입니다|식혜 쌀알 무스나 대추 휘낭시에 등 특색 있는 퓨전 디저트가 맛있어요|현대적인 흰 건물과 전통 한옥이 어우러져서 사진 찍기 정말 좋은 곳입니다	야외 좌석이 인기가 많아 자리 경쟁이 치열하고, 주말에는 꽤 소란스럽습니다.	https://blog.naver.com/belleepoque92/224251358141|https://blog.naver.com/pyc0604|https://blog.naver.com/pyc0604/224268345940	주말 상시 웨이팅	False	주차 정보 없음	False	False	True	어니언 안국|안국 한옥 카페|어니언 안국이 좌식 마루와 빵 냄새로 가득한 북적이는 대형 한옥 빵집이라면, 로우루프는 현대적 건물과 한옥 마당이 분리된 세련된 퓨전 디저트 공간	37.5808879	126.9852027
공공재 커피클럽	서울 종로구 윤보선길 35	안국역 윤보선길. 도심 속 공원처럼 편안하고 감각적인 화이트 톤의 아담한 카페	공공재 라떼, 티라미수	미숫가루 맛이 가미되어 고소한 시그니처 라떼와 활짝 열린 테라스의 개방감	가게가 크진 않지만 입구를 열어두어 테라스 같은 개방감이 좋고 여유롭습니다|미숫가루 맛이 나는 공공재 라떼가 아주 꼬숩고 달달해서 맛있어요|안국역에서 가깝고 골목 산책하다가 조용히 커피 한 잔 하기 딱 좋습니다	매장이 협소하여 단체로 방문하거나 오래 앉아 작업하기에는 적합하지 않습니다.	https://blog.naver.com/dolly_21/224285634623|https://blog.naver.com/wldusb/224286905913|https://blog.naver.com/tntdud624	평일 점심 직장인 혼잡 및 웨이팅	False	주차 정보 없음	False	False	True	레이어드 안국|안국역 골목 카페|레이어드 안국이 빈티지 감성과 화려한 영국식 스콘으로 가득 찬 공간이라면, 공공재 커피클럽은 화이트 톤의 깔끔하고 여유로운 동네 공원 같은 휴식처	37.5775378	126.9837135
이오이	서울 종로구 북촌로5길 3	북촌. 인테그 디자인 스튜디오가 운영하는 감도 높은 동양적 감성의 카페 겸 갤러리	한국적 재료를 활용한 시그니처 음료	공예 작가들의 작품이 전시된 갤러리 같은 공간에서 즐기는 동양 문화의 현대적 재해석	공예 작품들과 인테리어가 갤러리 같아서 공간 자체가 주는 미적 만족감이 큽니다|동양적인 요소를 세련되게 풀어낸 인테리어가 북촌의 분위기와 찰떡이에요|2층 좌석이 꽤 여유롭고 조용해서 사색하기 좋습니다	디자인과 인테리어에 비해 음료나 디저트 라인업의 대중적인 인지도는 낮습니다.	https://blog.naver.com/thinker_mini444|https://blog.naver.com/kim1004a/224218296553|https://blog.naver.com/ljjjyljjjy26/224290096742	웨이팅 없음	False	주차 정보 없음	False	False	False	그린마일커피 북촌점|북촌 감성 카페|그린마일커피 북촌점이 루프탑 한옥 뷰로 유명한 사이펀 커피 전문점이라면, 이오이는 감도 높은 공예 작품과 디자인 스튜디오의 철학이 담긴 갤러리형 카페	37.5792032	126.9847146
굴림 북촌점	서울 종로구 계동길 118	북촌 계동길. 아담하고 조용한 분위기에서 즐기는 구움과자 전문점	마들렌, 휘낭시에	서촌 본점의 명성을 이어, 다양한 라인업을 제공하는 촉촉한 구움과자	북촌 구경하다가 가볍게 들러서 당 충전하기 좋은 아담한 구움과자 샵입니다|휘낭시에랑 마들렌 종류가 다양해서 골라 먹는 재미가 있어요|서촌점처럼 역시 구움과자가 퍽퍽하지 않고 버터 풍미가 좋습니다	카페에 대한 온라인 리뷰 정보가 극히 적어 사전 정보 파악이 어렵습니다.	https://blog.naver.com/shim92-/224292843882|https://blog.naver.com/muk_fairy/224308418265|https://blog.naver.com/kimbora95/224280973799	웨이팅 없음	False	주차 불가 (대중교통 권장)	False	False	False	아베크엘|구움과자 전문점|후암동 아베크엘이 과일 디저트와 음료 비주얼로 승부한다면, 굴림 북촌점은 기본기에 충실한 다양한 맛의 마들렌과 휘낭시에 전문점	37.5826196	126.9869355
파티드	경기 화성시 동탄구 동탄기흥로520번길 15	동탄. 모던하고 깔끔한 인테리어를 갖춘 동네 카페	아메리카노, 구움과자	깔끔한 공간에서 조용하게 커피 한 잔 즐길 수 있는 휴식처	동네에서 산책하다가 가볍게 들르기 좋은 조용하고 깔끔한 카페입니다|커피 맛이 무난하고 가격대도 합리적이라 편하게 방문하기 좋아요|인테리어가 깔끔해서 가볍게 대화 나누기에 적합합니다	온라인 상에 구체적인 리뷰나 시그니처 메뉴 정보가 전무합니다.	https://blog.naver.com/mhmh8767|https://blog.naver.com/ssuyeonn3/224309625777|https://blog.naver.com/min____i_o	웨이팅 없음	False	주차 정보 없음	False	False	False	카페 바솔트|동탄 동네 카페|동탄 바솔트가 크림라떼와 디카페인 옵션이 있는 노트북 아지트라면, 파티드는 깔끔하고 무난한 분위기의 조용한 동네 휴식 공간	37.2072117	127.0943696
굴림 서촌점	서울 종로구 자하문로 40-1	서촌. 촉촉하고 다양한 라인업을 자랑하는 구움과자(마들렌, 휘낭시에) 맛집	라즈베리 마들렌, 소금초코 휘낭시에	바닐라, 피스타치오, 얼그레이 등 재료 조합이 돋보이는 퀄리티 높은 구움과자	마들렌이 정말 촉촉하고 필링이 가득해서 서촌 올 때마다 포장해 가는 곳입니다|라즈베리 마들렌의 상큼함과 소금초코 휘낭시에의 단짠 조합이 최고예요|매장은 아담하지만 감성적인 인테리어라 실내 데이트로 들르기 좋습니다	매장 내부가 좁고 테이블이 몇 개 없어서 주말에는 안에서 먹고 가기가 매우 어렵습니다.	https://blog.naver.com/foodgroup-|https://blog.naver.com/whdk0207/223481025203|https://blog.naver.com/muk_fairy/224308418265	포장 손님이 많으나 주말 매장 취식 웨이팅	False	주차 불가 (대중교통 권장)	False	False	False	통인스윗|서촌 디저트 카페|서촌 통인스윗이 갓 구운 따끈한 에그타르트의 성지라면, 굴림 서촌점은 다양한 플레이버의 섬세한 마들렌과 휘낭시에 전문점	37.5796246	126.971553
베란다	서울 종로구 사직로10길 9-4	서촌 내자동. 한옥의 정취와 우드톤이 어우러진 아늑한 아지트 감성의 조용한 카페	베란다 비엔나, 바질페스토 토스트	맛있는 크림이 올라간 비엔나 커피와 바질 향이 일품인 토스트, 그리고 독서하기 좋은 차분함	조용하고 차분한 우드톤 인테리어라 혼자 가서 책 읽거나 사색하기 너무 완벽한 공간입니다|시그니처인 베란다 비엔나의 크림이 쫀쫀하고 바질 토스트 향이 미쳤어요|골목 안쪽에 숨어 있어서 나만 아는 아지트 같은 한옥 감성이 매력적입니다	주차 공간이 전혀 없고, 인기가 많아져 주말에는 특유의 조용한 분위기를 느끼기 어렵습니다.	https://blog.naver.com/raenggyul03/224284356191|https://blog.naver.com/scarlett_162/223405917091|https://blog.naver.com/joanasjoy/224182008208	주말 오후 만석 및 웨이팅 잦음	False	주차 불가 (대중교통 권장)	False	False	True	오무사|서촌 조용한 카페|서촌 오무사가 고즈넉한 한옥 바(Bar) 감성의 묵직한 분위기라면, 베란다는 햇살이 들어오는 따뜻한 우드톤의 조용한 독서 아지트	37.5753694	126.9705503
스태픽스	서울 종로구 사직로9길 22	서촌. 거대한 은행나무와 넓은 야외 잔디밭을 품은 도심 속 정원 카페	파운드케이크, 블루베리 치즈케이크	은행나무 아래에서 반려동물과 함께 즐기는 빈티지 감성의 여유와 베이커리	가을에 마당의 큰 은행나무가 노랗게 물들었을 때 가면 정말 환상적인 뷰를 볼 수 있어요|넓은 잔디밭에서 강아지랑 같이 시간 보내기 너무 좋습니다|야외 테라스에 앉아서 파운드케이크 먹으면서 쉬면 진짜 힐링돼요	사람이 너무 많아 주말에는 돗대기 시장 같고 자리 잡기가 눈치 게임입니다.	https://blog.naver.com/jangbi1234|https://blog.naver.com/the-rich-otter|https://blog.naver.com/trade05/224256092964	단풍 시즌 및 주말 오픈런 필수 (극악 웨이팅)	False	주차 가능 (공영/유료 주차장 등 확인 필요)	False	False	True	더하이브|자연 친화적 대형 카페|남양주 더하이브가 숲속 캠핑 감성의 거대한 휴식처라면, 서촌 스태픽스는 도심 한가운데 숨겨진 은행나무 정원의 힐링 아지트	37.5774704	126.9680306
브레드앤워크	서울 강남구 양재천로 183	도곡동 양재천. 산책 전후에 들르기 좋은 건강한 하드빵 베이커리	사워도우, 잠봉뵈르	테라스 좌석에서 양재천 뷰를 보며 즐기는 쫄깃한 식사빵과 피스타치오 크림빵	양재천 산책하다가 테라스에 앉아서 잠봉뵈르 먹으면 정말 평화롭고 맛있습니다|사워도우나 현미밥빵 같은 건강한 식사빵류가 쫀득하고 소화도 잘 돼요|피스타치오 크림빵도 크림이 고소하고 듬뿍 들어서 맛있어요	빵이 금방 팔려서 점심 이후에 가면 원하는 빵을 사기 어렵고 전용 주차장이 없습니다.	https://blog.naver.com/mina9488/224286086076|https://blog.naver.com/sweeeet_home/224296785994|https://blog.naver.com/bluesun8001	주말 오전 테라스석 웨이팅	False	주차 불가 (대중교통 권장)	False	False	False	베이커리 무이|동네 식사빵 맛집|용산 베이커리 무이가 일본식 소금빵과 하드빵의 성지라면, 양재 브레드앤워크는 양재천 산책객을 위한 건강한 사워도우와 잠봉뵈르 맛집	37.4823626	127.0459901
카페 마몽드	서울 서초구 양재동 96-16 102호	양재천 인근. 100% 동물성 생크림 케이크가 맛있는 유럽 감성의 쉼터	생크림 과일 케이크	좋은 재료로 만든 수제 케이크와 양재천 데이트 코스에 어울리는 조용한 분위기	동물성 생크림을 써서 케이크가 전혀 느끼하지 않고 입에서 부드럽게 녹습니다|양재천 근처에서 프랜차이즈 말고 조용히 쉬고 싶을 때 가기 좋은 예쁜 카페예요|케이크가 너무 맛있어서 가족 생일 때 여기서 홀케이크 예약해서 먹었어요	카페 규모가 작아서 단체 방문에는 적합하지 않습니다.	https://blog.naver.com/daily_pororo|https://blog.naver.com/qhsntm|https://blog.naver.com/anonchalantlady/224187993580	웨이팅 없음	False	주차 정보 없음	False	False	False	바나나하루키|수제 케이크 맛집|상수 바나나하루키가 알록달록한 파스텔 톤의 귀여운 케이크를 선보인다면, 양재 마몽드는 좋은 재료 본연의 맛에 충실한 단아한 수제 생크림 케이크	37.4771292	127.0394342
서울치아바타 향남본점	경기 화성시 만세구 발안로 204	화성 향남. 르꼬르동 블루 출신 셰프의 건강한 저칼로리 치아바타 대형 카페	크앙 치아바타, 바질 치아바타 샌드위치	넓은 야외 테라스와 대형 주차장, 속이 편안한 다양한 샌드위치 라인업	치아바타가 겉은 쫄깃하고 속은 부드러워서 샌드위치로 먹으니 너무 맛있어요|단독 건물이라 매장이 넓고 주차하기도 편해서 모임하기 최고입니다|르꼬르동 블루 출신 셰프님이라 그런지 빵 퀄리티가 남다르게 느껴집니다	건강빵 위주라 달콤하고 자극적인 디저트를 찾는 분들에게는 심심할 수 있습니다.	https://blog.naver.com/bellezasana|https://blog.naver.com/song-new|https://blog.naver.com/silmonica/224207635562	대형 카페로 웨이팅 거의 없음	False	주차 가능 (공영/유료 주차장 등 확인 필요)	False	True	False	폴앤폴리나|치아바타 명가|여의도 폴앤폴리나가 클래식한 하드빵 테이크아웃 성지라면, 화성 서울치아바타는 다양한 샌드위치 변주와 넓은 대형 공간을 제공하는 베이커리 카페	37.1303858	126.9328578
밀랩커피하우스	경기 화성시 동탄구 동탄장지천3길 7-10	동탄 장지동. 무난하게 샌드위치와 음료를 즐길 수 있는 깔끔한 동네 카페	샌드위치	동네 주민들이 오가며 가볍게 식사 대용으로 즐기기 좋은 샌드위치 메뉴	집 근처에서 가볍게 샌드위치로 끼니를 때우거나 커피 한 잔 마시기 편안한 곳입니다|매장이 깔끔하고 조용해서 혼자 시간 보내기 나쁘지 않아요|사장님이 유튜브 채널도 운영하시면서 정성껏 매장을 관리하시는 것 같아요	검색 가능한 온라인 리뷰나 시그니처 메뉴에 대한 구체적인 정보가 매우 부족합니다.	https://blog.naver.com/lily6850/223919099983|https://blog.naver.com/midongjanggun|https://blog.naver.com/lbhprincess/224295176166	웨이팅 없음	False	주차 정보 없음	False	False	False	카페 바솔트|동탄 로컬 카페|동탄 바솔트가 크림라떼로 유명한 감성 작업 아지트라면, 동탄 밀랩커피하우스는 일상에서 편안하게 방문하는 소박한 샌드위치 쉼터	37.1600628	127.1002123
원스타임오프 성남점	경기 성남시 수정구 산성대로 63	성남 모란역. 8시간 냉침 밀크티와 우드톤 인테리어가 돋보이는 차분한 카공 성지	냉침 밀크티, 블렌딩 티	혼자 노트북 작업이나 독서하기 완벽한 정숙한 분위기와 퀄리티 높은 차	모란역 근처에서 이렇게 조용하고 차분하게 작업할 수 있는 카페가 있어서 너무 좋아요|밀크티가 엄청 진하고 향긋해서 갈 때마다 필수로 마십니다|1만원 이상 사면 주차 2시간 무료라 차 가져가기도 편해요	분위기가 스터디 카페 수준으로 너무 정숙해서 친구와 편하게 수다 떨기엔 눈치가 보입니다.	https://blog.naver.com/bibbiby/223896630379|https://blog.naver.com/leo2011|https://blog.naver.com/smilekang207	주말 오후 카공족으로 인해 만석	True	주차 가능 (공영/유료 주차장 등 확인 필요)	False	False	False	원스타임오프 평택점|카공 카페|같은 브랜드의 평택점과 마찬가지로 성남점 역시 밀크티의 깊은 맛과 독서실 같은 정숙한 분위기가 완벽하게 유지되는 작업 성지	37.4333948	127.1262709
아니버	부산 부산진구 서전로38번길 43-13	부산 전포. 화려한 비주얼로 시선을 사로잡는 샌드 베이글 핫플레이스	샌드 베이글	인스타그램 감성에 완벽히 부합하는 다채롭고 예쁜 속재료의 샌드 베이글	베이글 안에 재료가 진짜 터질 듯이 예쁘게 들어있어서 사진 찍을 맛이 납니다|다양한 맛의 샌드 베이글이 있어서 고르는 재미가 쏠쏠해요|전포동에서 비주얼 좋고 든든한 디저트 찾을 때 가기 좋습니다	시각적인 화려함에 비해 맛이 너무 달거나 자극적이어서 쉽게 물릴 수 있습니다.	https://blog.naver.com/ksbcce|https://blog.naver.com/hgkdud1004/224296346404|https://blog.naver.com/sec0/224062438835	주말 디저트 타임 웨이팅 발생	False	주차 정보 없음	False	False	False	런던베이글뮤지엄|베이글 핫플|안국 런던베이글뮤지엄이 영국 감성의 클래식한 쫄깃함을 자랑한다면, 전포 아니버는 화려하고 트렌디한 속재료로 꽉 채운 비주얼 샌드 베이글	35.1588868	129.0644641
아벡쉐리 롯데월드몰점	서울 송파구 올림픽로 300	잠실 롯데월드몰. 한남동에서 건너온 다채로운 라인업의 겉바속쫄 소금빵 전문점	소금빵, 소금빵 샌드위치	기본 소금빵부터 메론, 잠봉뵈르 등 다양한 변주를 갓 구워내는 베이커리	롯데월드몰 쇼핑하다가 맛있는 버터 냄새에 이끌려 샀는데 겉바속쫄의 정석입니다|기본 소금빵 말고도 콘소메, 메론크림 등 특이한 소금빵이 많아서 좋아요|따뜻하게 데워 먹으면 버터 풍미가 싹 올라와서 너무 맛있습니다	롯데월드몰 지하에 있어 매장이 개방되어 있고 늘 붐벼서 정신이 없습니다.	https://blog.naver.com/soon-1|https://blog.naver.com/dal831/224271083316|https://blog.naver.com/sia_mom2025	계속 구워내 회전율이 좋으나 줄서기 빈번	False	주차 불가 (대중교통 권장)	False	False	False	자연도 소금빵|소금빵 명가|성수 자연도 소금빵이 4개 세트로만 파는 버터 동굴의 끝판왕이라면, 아벡쉐리는 소금빵을 베이스로 한 다양하고 트렌디한 변주가 강점	37.5137012	127.1043763
송미방앗간	경기 성남시 중원구 광명로347번길 15	성남 단대오거리역. 국내산 쌀가루로 만드는 꾸덕한 할매입맛 글루텐프리 쌀디저트	흑임자 쌀케이크, 쑥 크럼블	밀가루를 전혀 쓰지 않아 속이 편안하고 흑임자, 인절미 등 고소한 맛의 극치	밀가루가 안 들어가서 많이 먹어도 더부룩하지 않고 속이 편안해서 좋아요|흑임자 쌀케이크가 진짜 꾸덕하고 꼬수워서 할매입맛인 제게 최고입니다|사장님이 정말 친절하시고 디저트 하나하나에 정성이 가득 담긴 게 느껴져요	쌀 디저트 특성상 일반 케이크보다 다소 무겁고 뻑뻑하게 느껴질 수 있습니다.	https://blog.naver.com/goodch03|https://blog.naver.com/namalog|https://blog.naver.com/ol_th/224272445420	포장 위주라 웨이팅 적음	False	주차 정보 없음	False	False	False	소소하게|쌀케이크 전문점|성수 소소하게가 푹신한 백설기 같은 질감의 쌀케이크라면, 성남 송미방앗간은 꾸덕하고 치덕한 텍스처에 할매입맛 재료를 듬뿍 넣은 묵직한 쌀케이크	37.4482712	127.1578198
크리미	부산 부산진구 서전로38번길 43-13	부산 전포동. 폭발하는 크림 비주얼로 빵지순례 필수 코스가 된 디저트샵	쿠키슈, 뽀또 푸딩, 모찌뿌요	황치즈 등 다양한 크림이 가득 찬 푸딩과 쫄깃한 모찌뿌요의 압도적 달콤함	황치즈 뽀또 푸딩은 단짠단짠의 정석이고 안에 든 크럼블 식감이 미쳤어요|모찌뿌요 빵 피가 진짜 이름처럼 쫀득하고 안에 크림이 터질 듯이 많습니다|전포동 오면 무조건 웨이팅해서라도 포장해가는 크림 맛집이에요	인기가 너무 많아 늦게 가면 다 팔리고 없고, 맛이 상당히 달아서 호불호가 갈릴 수 있습니다.	https://blog.naver.com/alsoof/224253042002|https://blog.naver.com/moonmina91/224303423685|https://blog.naver.com/y_vvd/224187305973	오픈런 필수 및 상시 웨이팅	False	주차 정보 없음	False	False	False	코코로카라|크림 푸딩|연남동 코코로카라가 보틀 케이크와 바나나 푸딩의 대명사라면, 전포 크리미는 푸딩뿐 아니라 쿠키슈와 모찌뿌요까지 아우르는 크림 디저트계의 신흥 강자	35.1570674	129.0647671
해피메모리 동탄목동점	경기 화성시 왕배산3길 4	… 해피메모리는 동탄2신도시 주택가 골목에 있는 작은 카페라 번잡한 메인 거리랑은 완전히 다른 분위기예요	정보 없음	특징 정보 없음	리뷰 정보 없음	부정적 리뷰 없음	https://young0316.tistory.com/254|https://pandarank.net/contents/6981983bfa0a7102d4b4505c|https://conyplace.com/해피메모리-동탄목동점-동탄의-아늑한-브런치-카페/	정보 없음	False	인근 공영주차장 이용	False	True	False	일반 카페|분위기|… 해피메모리는 동탄2신도시 주택가 ...	37.181329	127.1255063
롱드메이	경기 용인시 수지구 만현로 110	용인 수지. 디저트 애호가들을 위한 핫플레이스	두바이 쫀득쿠키	카다이프의 바삭함과 피스타치오의 풍미를 한국식으로 해석한 두바이 쫀득쿠키	두바이 쫀득쿠키의 겉바속쫀 식감이 미쳤어요|줄 서서 먹을 만한 가치가 있는 디저트입니다|휘낭시에나 에그타르트 같은 다른 구움과자도 수준급이에요	웨이팅이 너무 길고 건물 지하 주차장이 매우 혼잡합니다.		오픈 전부터 상시 오픈런 및 웨이팅 발생	False	주차 가능 (공영/유료 주차장 등 확인 필요)	False	False	False	이웃집통통이|트렌디 디저트|이웃집통통이가 압구정에서 약과 쿠키 트렌드를 이끈다면, 용인 롱드메이는 두바이 쫀득쿠키 열풍의 중심지	37.3068743	127.084495
지지엔엔 베이크 샵	서울 동작구 만양로8길 50	노량진 우성아파트 상가. 매주 라인업이 바뀌는 트렌디한 테이크아웃 전문 구움과자샵	두바이 쫀득쿠키, 보틀케이크	크림 푸딩, 버터떡 등 다채롭고 개성 있는 라인업의 디저트	디저트 라인업이 자주 바뀌어서 매번 갈 때마다 새로운 맛을 즐길 수 있어요|두바이 쫀득쿠키랑 크림 푸딩이 정말 맛있습니다|노량진에 이런 고퀄리티 디저트 샵이 있어서 행복해요	테이크아웃 전용 매장이라 먹고 갈 공간이 없고 가격대가 조금 높습니다.	https://blog.naver.com/sbm0409/223938506801|https://blog.naver.com/sbm0409|https://blog.naver.com/ninjagb2/224153383715	예약 가능, 현장 웨이팅 약간	False	주차 정보 없음	False	False	False	크리미|크림 디저트|전포 크리미가 쿠키슈와 모찌뿌요 중심이라면, 노량진 지지엔엔은 트렌드를 가장 빠르게 반영하는 다양한 라인업의 테이크아웃 디저트	37.5102417	126.9465559
하프베이글	서울 마포구 성미산로17길 115	연남동 인근 성산동. 질깃하고 쫄깃한 식감을 살린 테이크아웃 샌드베이글 전문점	피스타치오 딸기 샌드베이글	생과일과 크림치즈가 듬뿍 들어간 화려한 비주얼의 샌드베이글	베이글이 질깃하고 쫄깃해서 제가 딱 좋아하는 식감이에요|피스타치오 딸기 샌드베이글은 크림치즈와 과일이 듬뿍 들어가서 가성비 최고입니다|연남동 빵지순례 할 때 웨이팅 없이 편하게 살 수 있어서 좋아요	매장 내부가 협소하여 홀 식사가 불가능한 포장 전문점입니다.	https://blog.naver.com/silklombar|https://blog.naver.com/nanviolet77|https://blog.naver.com/akm5701/223938751402	웨이팅이 적어 쾌적함	False	주차 정보 없음	False	False	False	코끼리베이글|쫄깃한 베이글|코끼리베이글이 화덕에 구운 쫀득한 기본 베이글의 강자라면, 하프베이글은 생과일과 크림치즈를 터질 듯 넣은 샌드베이글	37.5665505	126.9169432
히포파운드	전북 전주시 완산구 기린대로 130	전주. 제주도 빵지순례 명소에서 전주로 이전한 쫄깃한 베이글 크림 샌드 맛집	우유크림 믹스후르츠 베이글	겉은 바삭하고 속은 쫄깃한 베이글 사이에 신선한 과일과 꾸덕한 크림을 아낌없이 샌딩	베이글 안에 과일이 꽉 차 있고 크림이 느끼하지 않아 식사 대용으로도 완벽해요|제주도에서 먹던 그 감동적인 맛 그대로 전주에서 먹을 수 있어서 좋습니다|사장님이 너무 친절하셔서 웨이팅이 아깝지 않아요	일주일에 금, 토, 일요일만 영업해서 방문 일정을 맞추기가 까다롭습니다.	https://blog.naver.com/qorjfmeo/224104807266|https://blog.naver.com/orang2in/224297115054|https://blog.naver.com/llvovll1023	오픈 전부터 대기, 테이블링 웨이팅 필수	False	주차 정보 없음	False	False	False	포비|베이글 샌드|광화문 포비가 담백한 베이글과 다양한 크림치즈 스프레드의 조합이라면, 전주 히포파운드는 터질 듯한 크림과 과일이 메인인 디저트 베이글 샌드	35.8205627	127.1534283
카페여기 성남점	경기 성남시 중원구 둔촌대로101번길 16-19	성남. 가볍게 커피를 즐길 수 있는 동네 카페	아메리카노	부담 없이 방문하기 좋은 편안한 분위기의 동네 휴식처	동네에 있어서 오가며 커피 한 잔 마시기 편안합니다|가격이 합리적이고 조용한 분위기라 잠시 쉬어가기 좋아요|사장님이 친절하게 응대해 주십니다	온라인 상에 구체적인 리뷰나 시그니처 메뉴 정보가 거의 없습니다.	https://blog.naver.com/sosam_|https://blog.naver.com/ng312/224300450195|https://blog.naver.com/dodammom22	웨이팅 없음	False	주차 불가 (대중교통 권장)	False	False	False	카페 바솔트|동네 카페|동탄 바솔트가 크림라떼와 인스타 감성이라면, 카페여기 성남점은 소박하고 일상적인 동네 쉼터	37.4312702	127.13122
레이지오븐	경기 화성시 동탄치동천로3길 30	동탄 영천동. 유럽 빈티지 감성이 물씬 풍기는 통통한 베이글 맛집	통통 베이글, 두바이 쫀득쿠키	조용하고 아늑한 공간에서 직접 구워내는 쫄깃한 베이글과 트렌디한 구움과자	베이글이 엄청 통통하고 쫄깃해서 정말 맛있습니다|유럽 빈티지 감성 인테리어라 사진 찍기도 좋고 대화 나누기도 좋아요|포장해서 가까운 동탄호수공원으로 피크닉 가기 완벽합니다	주차 공간이 마련되어 있으나 다소 협소합니다.	https://blog.naver.com/celina_827|https://blog.naver.com/love110407ing/224162935730|https://blog.naver.com/celina_827/224276747957	웨이팅 없음	False	주차 가능 (공영/유료 주차장 등 확인 필요)	False	False	False	런던베이글뮤지엄|유럽 감성 베이글|안국 런던베이글뮤지엄이 영국풍 인테리어와 화려한 라인업이라면, 동탄 레이지오븐은 여유로운 빈티지 감성과 기본에 충실한 통통한 베이글	37.2029769	127.1224835
스쿠퍼젤라또 삼각지점	서울 용산구 한강대로62길 37	용리단길 삼각지. 서촌 본점의 명성을 잇는 이탈리아 정통 젤라떼리아	리조(쌀), 피스타치오 젤라또	이탈리아 정부 인증을 받은 쫀득한 식감과 원재료의 맛을 극대화한 다양한 라인업	리조(쌀) 젤라또는 쌀알이 쫀득하게 씹히고 피스타치오는 원물 맛이 엄청 진해요|용리단길에서 밥 먹고 후식으로 먹기 딱 좋은 상큼한 맛입니다|맛보기 스푼 서비스가 있어서 다른 맛도 한 입 먹어볼 수 있는 게 큰 장점이에요	매장 내부가 매우 아담하여 먹고 갈 자리가 거의 없고 전용 주차장이 없습니다.	https://blog.naver.com/pooding_21/224297244553|https://blog.naver.com/psy-wave|https://blog.naver.com/jir1210/224293046017	테이크아웃 손님 많으나 회전율 빠름	False	주차 불가 (대중교통 권장)	False	False	False	당도|젤라또 전문점|망원동 당도가 아기자기한 과일 소르베 위주의 귀여운 젤라또라면, 삼각지 스쿠퍼는 이탈리아 정통의 쫀득함과 원물의 깊은 풍미	37.5332645	126.9736894
스푼업	서울 용산구 한강대로46길 16	용리단길. 조용하게 쉬어가기 좋은 아늑한 휴식 공간	아메리카노, 디저트	용리단길 골목에 숨겨진 차분하고 여유로운 카페	식사 후 조용하게 대화 나누기 좋은 편안한 카페입니다|커피 맛이 무난하고 인테리어가 깔끔해요|복잡한 용리단길 메인 거리에서 조금 벗어나 있어 여유롭습니다	구체적인 시그니처 메뉴에 대한 온라인 리뷰가 매우 부족합니다.	https://blog.naver.com/wud42424|https://blog.naver.com/hedgehog_21|https://blog.naver.com/myqueen37	웨이팅 없음	False	주차 정보 없음	False	False	False	도토리 가든|용리단길 카페|안국 도토리가든이 지브리 감성의 확고한 컨셉과 웨이팅을 자랑한다면, 용리단길 스푼업은 조용하고 편안한 쉼터	37.5310833	126.9710259
카페레이들	경기 화성시 동탄순환대로5길 13	동탄 호수공원 인근. 새롭게 오픈한 깔끔한 감성 브런치 카페	브런치, 커피	채광이 좋고 여유로운 분위기에서 즐기는 캐주얼한 브런치	새로 생겨서 매장이 정말 깔끔하고 인테리어가 쾌적합니다|동탄 호수공원 산책하고 들러서 브런치 먹기 좋은 위치예요|햇살이 잘 들어와서 주말 아침에 여유 부리기 딱입니다	신상 카페라 아직 다양한 메뉴에 대한 구체적인 후기가 부족합니다.	https://blog.naver.com/third_run|https://blog.naver.com/freeman0604/224187480186|https://blog.naver.com/hahehihohu_77	웨이팅 없음	False	주차 정보 없음	False	False	False	베이크오이|브런치 카페|대구 베이크오이가 소품샵 뷰와 화려한 샌드위치 라인업이라면, 동탄 카페레이들은 호수공원 인근의 여유로운 신상 브런치 공간	37.1659539	127.0996616
The november 라운지 동탄점	경기 화성시 동탄기흥로 593-37	동탄. 넓은 공간과 편안한 소파를 갖춘 새벽까지 운영하는 대형 카페	아메리카노, 디저트	카공족에게 사랑받는 조용한 분위기와 시간 구애 없이 방문할 수 있는 아지트	동탄에서 늦은 새벽까지 눈치 안 보고 카공하거나 작업하기 가장 좋은 카페입니다|소파 좌석이 너무 편안해서 오래 앉아 있어도 피로하지 않아요|매장이 넓고 좌석 간격이 넓어서 친구들과 대화하기도 좋습니다	규모가 크다 보니 피크 타임에는 전용 주차장이 혼잡할 때가 있습니다.	https://blog.naver.com/0821hyun/224174372219|https://blog.naver.com/2unbiii/223898015740|https://blog.naver.com/maelog_	새벽까지 여유롭게 이용 가능	True	주차 가능 (공영/유료 주차장 등 확인 필요)	False	True	False	원스타임오프 성남점|작업하기 좋은 카페|모란 원스타임오프가 밀크티와 정숙한 독서실 감성이라면, 동탄 노벰버라운지는 푹신한 소파와 넓은 공간의 여유로운 새벽 작업 아지트	37.2121422	127.0921408
픽베이크 오산점	경기 오산시 대호로 97	오산 궐동. 바삭한 식감의 에그타르트 전문 구움과자점	에그타르트	버터 풍미가 짙은 페이스트리에 부드러운 커스터드 필링을 채운 겉바속촉 에그타르트	페이스트리 결이 살아있어서 정말 바삭하고 커스터드 필링은 입에서 녹아요|오산에서 먹은 에그타르트 중에 단연 최고입니다|포장 패키지가 깔끔해서 선물용으로 구매하기 너무 좋아요	매장 내부 취식 공간이 협소합니다.	https://blog.naver.com/hogain|https://blog.naver.com/ehehaka11/224255817903|https://blog.naver.com/jjjjjj0007	포장 위주, 대기 적음	False	주차 정보 없음	False	False	False	나타오비카|에그타르트|나타오비카가 전국구 포르투갈식 타르트라면, 픽베이크는 오산 로컬의 바삭한 에그타르트 맛집	37.1589965	127.0539717
유밀정 케이커리	경기 화성시 동탄순환대로3길 28-10	동탄 호수공원 택지지구. 직접 농사지은 작물로 만든 수제 케이크 전문점	수제 케이크	직접 재배한 건강한 농작물을 활용해 많이 달지 않고 정성이 가득 들어간 디저트	케이크가 자극적이지 않고 달지 않아서 어른들 모시고 오기 좋아요|통창으로 보이는 동탄 호수공원 뷰가 아주 시원합니다|농사지은 재료로 만들어서 그런지 더 건강하게 느껴집니다	주말 낮에는 창가 자리를 잡기가 쉽지 않습니다.	https://blog.naver.com/pppeace33/224124531525|https://blog.naver.com/woningmom/224280827204|https://blog.naver.com/dasli1216/223997031717	웨이팅 없음	False	주차 정보 없음	False	False	False	도레도레|수제 케이크|도레도레가 화려한 비주얼의 무지개 케이크라면, 유밀정 케이커리는 농작물을 활용한 소박하고 건강한 뷰 맛집 케이크	37.1671865	127.095615
카페홀로	경기 화성시 왕배산3길 28	동탄. 동네 주민들의 아늑하고 편안한 단골 카페	커피, 쿠키	조용한 주택가에서 편안하게 커피 한 잔과 가벼운 쿠키를 곁들이기 좋은 메뉴 구성	사장님이 정말 친절하시고 커피 가격도 부담스럽지 않아요|조용해서 혼자 책 읽거나 멍 때리기 가장 좋은 동네 아지트입니다|매장이 깔끔하고 아늑한 분위기라 자주 방문합니다	메뉴에 대한 구체적인 리뷰나 시그니처 디저트에 대한 정보가 부족합니다.	https://blog.naver.com/w130312/223981729114|https://blog.naver.com/w130312|https://blog.naver.com/jsy6768/224233923806	웨이팅 없음	False	주차 정보 없음	False	False	False	스타벅스|동네 카페|스타벅스가 일률적이고 붐비는 대형 프랜차이즈라면, 카페홀로는 주택가의 따뜻하고 조용한 동네 쉼터	37.1812173	127.1260623
스트레스드	경기 화성시 왕배산1길 3-12	동탄. 달지 않고 부드러운 수제 케이크로 피로를 녹여주는 디저트 샵	수제 케이크	과도한 단맛을 줄이고 크림의 부드러움을 극대화한 부담 없는 케이크 라인업	크림이 느끼하지 않고 정말 부드러워요|단맛이 강하지 않아서 케이크 한 조각을 다 먹어도 속이 편안합니다|이름처럼 스트레스 받을 때 여기 케이크 먹으면 힐링돼요	매장이 아담하여 피크 시간대에는 여유롭게 먹고 가기 어려울 수 있습니다.	https://blog.naver.com/sy901204|https://blog.naver.com/hanni_0|https://blog.naver.com/moodmuk/223915759618	웨이팅 없음	False	주차 정보 없음	False	False	False	빌리엔젤|수제 케이크|빌리엔젤이 진하고 화려한 미국식 케이크라면, 스트레스드는 은은하고 부드러운 힐링용 감성 케이크	37.1807702	127.1240069
치즈당 동탄카림센텀점	경기 화성시 동탄대로시범길 142	동탄 카림애비뉴. 촉촉하고 퐁신한 대왕 카스테라 전문점	대왕 카스테라	부드럽고 폭신한 식감에 생크림, 치즈 등을 더해 남녀노소 즐기기 좋은 카스테라	카스테라가 퍽퍽하지 않고 정말 구름처럼 폭신해요|생크림 카스테라는 크림이 듬뿍 들어있어서 우유랑 먹으면 환상적입니다|양이 많아서 가족들이랑 나눠 먹기 딱 좋습니다	포장 전문이라 매장 내부에서 취식할 공간이 없습니다.	https://blog.naver.com/friendgirl88|https://blog.naver.com/ziehyunk|https://blog.naver.com/eng_jade/224265757060	테이크아웃 위주라 회전율 빠름	False	주차 불가 (대중교통 권장)	False	False	False	대만언니대왕카스테라|대왕 카스테라|대만언니가 오리지널 대왕 카스테라의 시초라면, 치즈당은 다양한 크림과 치즈를 더해 트렌디하게 업그레이드함	37.1999195	127.1133874
비지터	서울 종로구 옥인길 32-3	서촌 옥인길. 커피와 주류를 아우르는 미국 감성의 분위기 좋은 바 겸 카페	포카치아 샌드위치, 소르베	조도를 낮춘 감각적인 공간에서 즐기는 상큼한 소르베와 와인에 어울리는 샌드위치	조명이 어둡고 분위기가 너무 좋아서 데이트나 소개팅 장소로 완벽해요|상큼한 소르베가 식후 디저트로 최고입니다|경복궁역에서 멀지만 그만큼 한적하고 나만 알고 싶은 아지트 느낌이에요	경복궁역에서 도보 15분 정도로 거리가 꽤 멀고 오르막입니다.	https://blog.naver.com/toodesigner|https://blog.naver.com/sbsb0125/223705894245|https://blog.naver.com/bborongrongg/224056801953	주말 저녁 현장 웨이팅	False	주차 정보 없음	False	False	False	바 참|서촌 카페 앤 바|바 참이 전문적인 칵테일 바라면, 비지터는 낮에는 커피와 샌드위치, 밤에는 가벼운 와인을 즐기는 캐주얼한 공간	37.5810753	126.9669065
유월커피 역삼	서울 강남구 봉은사로30길 76	역삼 오피스 빌딩 숲. 부산 전포동 감성을 그대로 옮겨온 직장인들의 커피 성지	유월커피(더티커피)	부드러운 크림이 흘러내리는 시그니처 더티커피와 따뜻한 분위기	시그니처 유월커피의 크림이 정말 달콤하고 부드러워요|역삼 빌딩 숲 사이에 이런 따뜻한 감성의 카페가 있어서 너무 좋습니다|제휴 할인이 돼서 직장인들이 식후에 방문하기 아주 훌륭합니다	평일 점심시간에는 직장인들로 매우 붐벼서 여유롭게 앉아있기 힘듭니다.	https://blog.naver.com/mamstable|https://blog.naver.com/malang-315/224054146757|https://blog.naver.com/dear_1108	점심시간 주문 대기 길음	False	주차 정보 없음	False	False	False	블루보틀|오피스상권 카페|블루보틀이 미니멀하고 세련된 스페셜티 브랜드라면, 유월커피는 부산 감성의 따뜻함이 묻어나는 크림 커피 맛집	37.5026457	127.03693
오르또커피하우스	경기 화성시 동탄기흥로520번나길 3-3	동탄. 톤 다운된 레드 컬러 인테리어가 인상적인 감성 카페	Orto 피넛크림 라떼, 시즌 과일 디저트	묵직하고 고소한 피넛 크림이 올라간 시그니처 라떼와 정성스러운 시즈널 케이크	피넛크림 라떼가 고소하고 달달해서 계속 생각나는 맛이에요|인테리어가 감각적이고 레드 포인트가 예뻐서 사진 찍기 좋습니다|계절마다 바뀌는 시즈널 디저트 퀄리티가 훌륭해요	의자가 다소 불편해서 오래 앉아있기에는 적합하지 않습니다.	https://blog.naver.com/wkdduswn1452|https://blog.naver.com/limspec|https://blog.naver.com/nenelicious	주말 오후 약간의 웨이팅	False	주차 정보 없음	False	False	False	테일러커피|크림 커피|테일러커피가 연남동 크림모카의 정석이라면, 오르또커피하우스는 동탄의 감성 인테리어와 묵직한 피넛크림 라떼	37.2069502	127.0938108
아리랑도원	경기 용인시 처인구 통삼로 495	용인 남사읍. 민화와 나룻배가 있는 압도적 규모의 한국적 테마파크형 대형 카페	들기름 소금빵, 단호박 식혜	들기름의 고소함을 입힌 소금빵과 한국 전통 식재료를 활용한 정갈한 베이커리	실내 연못에 있는 나룻배 포토존이 정말 멋있고 공간이 압도적이에요|들기름 소금빵이 씹을수록 고소해서 여러 개 쟁여왔습니다|한국적인 인테리어라 부모님 모시고 오기 너무 좋은 곳입니다	주말에는 사람이 너무 많아서 주차장 진입부터 대기가 발생하고 매우 소란스럽습니다.	https://blog.naver.com/ckci8|https://blog.naver.com/love77279/224306234744|https://blog.naver.com/serim0228	주말 피크타임 주차 대기 및 주문 대기 긺	False	주차 가능 (공영/유료 주차장 등 확인 필요)	False	True	False	스타벅스 더양평DTR점|대형 카페|스타벅스 더양평이 모던한 남한강 뷰 대형 카페라면, 아리랑도원은 실내 연못과 민화가 있는 한국적 테마 대형 카페	37.1413424	127.135865
아워시즌 장지점	경기 화성시 동탄장지천5길 16	동탄 장지동. 스페셜티 핸드드립 커피와 구움과자가 있는 차분한 로스터리 카페	핸드드립 커피, 수제 구움과자	다양한 라인업의 스페셜티 원두를 정성껏 내린 브루잉 커피와 깔끔한 디저트	핸드드립 커피 종류가 다양해서 취향에 맞게 고를 수 있어요|분위기가 차분하고 조용해서 대화에 집중하기 좋습니다|커피와 함께 곁들이는 구움과자가 자극적이지 않고 맛있어요	화려한 시그니처 음료나 대중적인 디저트보다는 커피 본연의 맛에 집중하는 곳이라 호불호가 갈릴 수 있습니다.	https://blog.naver.com/bfekung95/224174059344|https://blog.naver.com/bongsun2_|https://blog.naver.com/jungniiiii/223670846888	웨이팅 없음	False	주차 정보 없음	False	False	False	테라로사|로스터리 카페|테라로사가 대규모 공장형 스페셜티 커피 브랜드라면, 아워시즌 장지점은 동네에서 즐기는 차분하고 내실 있는 핸드드립 카페	37.1583188	127.105605
라몽슈슈	경기 화성시 동탄치동천로3길	동탄. 달콤한 디저트와 함께 편안한 휴식을 취할 수 있는 동네 카페	디저트류	일상의 소소한 즐거움을 더해주는 수제 디저트와 깔끔한 커피	가게가 깔끔하고 사장님이 친절하셔서 기분 좋게 머물다 갑니다|동네에서 조용하게 커피 마시고 싶을 때 자주 찾는 단골집이에요|디저트가 많이 달지 않아서 커피랑 잘 어울려요	특정 시그니처 메뉴에 대한 정보가 부족합니다.	https://blog.naver.com/mdiarym|https://blog.naver.com/wjdekdud05|https://blog.naver.com/yummystalker	웨이팅 없음	False	주차 정보 없음	False	False	False	투썸플레이스|동네 디저트 카페|투썸플레이스가 대형 프랜차이즈의 정형화된 맛이라면, 라몽슈슈는 소박하고 정겨운 동네 수제 디저트 샵	37.1830773	127.1218629
키친 드 마망	경기 용인시 기흥구 서천동로43번길 9	용인 기흥 매미산 입구. 통창으로 숲 뷰를 즐길 수 있는 아담한 브런치 카페	파니니 샌드위치	엄마의 주방이라는 이름처럼 정갈하고 신선한 재료로 만든 샌드위치와 브런치	경희대 근처라 학생들도 많고 조용히 대화하기 아주 좋습니다|빵을 주문하면 바로 구워주셔서 엄청 바삭하고 신선해요|통창 너머로 보이는 숲 뷰가 너무 예뻐서 힐링됩니다	매장이 아담하여 피크 시간대에는 여유롭게 앉아있기 어렵습니다.	https://blog.naver.com/tlswogml789/224260419748|https://blog.naver.com/sebong2_2|https://blog.naver.com/flfkznak1208/224290439572	주말 낮 웨이팅 약간	False	주차 정보 없음	False	False	False	마마스|브런치 카페|카페 마마스가 도심 속 대형 브런치 프랜차이즈라면, 키친드마망은 숲속에 자리한 엄마의 주방 같은 소박한 브런치 가게	37.2361553	127.0775648
아르밀베이크샵	경기 화성시 동탄원천로 289-10	동탄 능동. 피스타치오 풍미 가득한 두바이 쫀득볼과 아늑한 감성 디저트 샵	두바이 쫀득볼, 소금빵	트렌디한 두바이 초콜릿 감성을 녹여낸 쫀득볼과 치아바타 등 맛있는 구움과자	두바이 쫀득볼 진짜 겉은 바삭하고 속은 쫄깃해서 너무 맛있어요|소금빵이랑 치아바타도 훌륭해서 빵지순례하기 좋은 곳입니다|가게 분위기가 아늑하고 사장님이 반려동물도 반겨주셔서 좋아요	매장 내부가 좁고 테이블이 4~5개 정도라 먹고 가기가 쉽지 않습니다.	https://blog.naver.com/pearls0711/223808163539|https://blog.naver.com/mellie_|https://blog.naver.com/butter_bunny	포장 손님이 많아 회전율 빠름	False	주차 정보 없음	False	False	True	이웃집통통이|트렌디 디저트|이웃집통통이가 약과 쿠키 트렌드를 이끌었다면, 아르밀베이크샵은 두바이 쫀득볼로 동탄의 트렌드를 선도함	37.2129336	127.0610066
키오스크	서울 마포구 월드컵로19길 74	망원동 어쩌다가게 2층. 아담한 공간에서 즐기는 환상적인 식감의 프렌치토스트 전문점	프렌치토스트 (절인 딸기/바닐라 아이스크림 추가)	계란물을 흠뻑 머금어 극도로 부드러운 식감을 자랑하는 작은 프렌치토스트	입에 넣자마자 녹아내리는 부드러운 프렌치토스트의 정석입니다|아이스크림이랑 절인 딸기 추가해서 먹으면 진짜 천상의 맛이에요|혼자 조용히 방문해서 커피랑 토스트 먹고 가기 딱 좋은 분위기입니다	매장이 매우 협소하고 좌석이 불편하며 양이 다소 적게 느껴질 수 있습니다.	https://blog.naver.com/cozyjhy/224307346475|https://blog.naver.com/xianren_|https://blog.naver.com/charmssale/224092350582	매장이 매우 협소하여 주말 웨이팅 긺	False	주차 정보 없음	False	False	False	오츠커피|프렌치토스트|오츠커피가 아인슈페너와 스콘의 강자라면, 망원 키오스크는 오직 프렌치토스트 하나로 압도하는 디저트 카페	37.5543467	126.9069368
91brick	경기 화성시 동탄대로14길 6-40	동탄 신리천 카페거리. 따뜻한 벽돌 감성의 공간에서 즐기는 소금빵과 꾸덕 치즈케이크	소금빵, 치즈케이크	3일이 지나도 맛있다는 자부심을 가진 정성스러운 베이커리와 꾸덕한 치즈케이크	소금빵이 질기지 않고 버터 풍미가 훌륭해서 갈 때마다 여러 개 사옵니다|벽돌과 우드톤 인테리어가 주는 따뜻한 감성이 너무 좋아요|치즈케이크가 정말 꾸덕하고 진해서 커피랑 찰떡궁합입니다	대형 베이커리 카페에 비해 종류가 한정적일 수 있습니다.	https://blog.naver.com/3star00/224308574059|https://blog.naver.com/sbyjsbyj/224293051408|https://blog.naver.com/voangoan/221510769727	웨이팅 없음	False	주차 정보 없음	False	False	False	레이크꼬모 빵집|신리천 베이커리 카페|일반적인 상가 베이커리가 동네 빵집이라면, 91brick은 벽돌 감성 인테리어까지 갖춘 완성도 높은 디저트 카페	37.1840131	127.1047782
밀창고	부산 해운대구 우동1로 46	해운대 해리단길. 아기자기한 골목 사이에 숨어있는 지하의 힙한 베이커리 샵	식사빵, 크림치즈 빵	아담한 공간에 가득 찬 빵 냄새와 매일 굽는 신선한 하드 계열 식사빵	해리단길 골목 감성이 물씬 풍기는 입구부터 너무 매력적이에요|빵이 신선하고 재료를 아끼지 않은 느낌이 팍팍 납니다|크림치즈 들어간 빵들이 특히 퀄리티가 좋아서 또 생각납니다	매장 위치가 지하라 눈에 잘 띄지 않고 취식 공간이 부족합니다.	https://blog.naver.com/jayin_00|https://blog.naver.com/wltn0545|https://blog.naver.com/jayin_00/224287929291	포장 위주, 회전율 빠름	False	주차 정보 없음	False	False	False	노티드|골목 베이커리|해운대 노티드가 화려한 도넛으로 시선을 끈다면, 밀창고는 해리단길 골목에 숨겨진 보석 같은 하드 계열 식사빵 맛집	35.1655197	129.157693
아라리오브네	경기 성남시 분당구 야탑로139번길 16	분당 야탑. 건강한 수제 우유 생크림과 한국적 재료를 쓴 쑥 타르트 맛집	쑥이애오(쑥 타르트)	유화제 없이 100% 우유 생크림과 단호박, 쑥 등 건강한 재료로 만든 타르트	시그니처인 쑥 타르트가 많이 달지 않고 쑥 향이 진해서 부모님이 정말 좋아하십니다|매장이 청결하고 사장님이 친절해서 방문할 때마다 기분이 좋아요|까눌레랑 휘낭시에 같은 구움과자류도 기대 이상으로 훌륭해요	매장이 조그마해서 취식 공간이 부족하고, 매장 내 커피를 따로 판매하지 않아 아쉽습니다.	https://blog.naver.com/qndqkd8609|https://blog.naver.com/qndqkd8609/224298677792|https://blog.naver.com/candystellar/221270931902	포장 위주라 웨이팅 적음	False	주차 정보 없음	False	False	False	타르타르|건강한 타르트|타르타르가 과일을 듬뿍 올린 화려한 비주얼이라면, 아라리오브네는 쑥, 단호박 등을 활용한 소박하고 건강한 맛의 타르트	37.4109768	127.1344886
이아이모란	경기 성남시 중원구 둔촌대로127번길 12-3	성남 모란역. LP 감성과 차분한 분위기가 흐르는 신상 디저트 카페	커피, 디저트	조용한 음악과 함께 혼자만의 시간을 보내기 좋은 깔끔한 수제 디저트	모란역 근처에 이렇게 차분하고 힙한 LP 카페가 생겨서 너무 반가워요|혼자 가서 책 읽거나 조용히 쉬다 오기 완벽한 공간입니다|포장이랑 예약도 가능하고 디저트가 깔끔해서 맛있습니다	전용 주차 공간이 없어 주변 공영주차장을 이용해야 합니다.	https://blog.naver.com/sks5075/224053888139|https://blog.naver.com/yng04076/223945763193|https://blog.naver.com/sks5075	웨이팅 없음	False	주차 가능 (공영/유료 주차장 등 확인 필요)	False	False	False	원스타임오프 성남점|모란역 감성 카페|모란 원스타임오프가 독서실 감성의 조용한 작업 공간이라면, 이아이모란은 LP 음악이 흐르는 차분한 무드의 데이트/힐링 공간	37.430152	127.1330749
공세계	경기 성남시 중원구 여수울로15번길 4-11	분당 야탑(여수동). 천연 발효종을 사용하는 저온 숙성 하드 계열 베이커리 맛집	초코바게트, 샌드위치	르방으로 저온 숙성해 속이 편안하고 담백한 식사빵과 평온한 우드톤 인테리어	빵이 정말 속이 편안하고 바게트의 바삭함이 남달라요|조용히 책 읽기 좋은 우드톤 인테리어라 동네 사랑방 느낌입니다|인스타그램으로 미리 예약하지 않으면 원하는 빵을 사기 힘들 정도로 인기예요	영업시간이 짧고 인기 빵은 일찍 품절되어 예약 없이는 구매하기가 매우 어렵습니다.	https://blog.naver.com/kgoodn|https://blog.naver.com/jye814|https://blog.naver.com/shgo98	사전 예약제 중심이라 웨이팅 없음	False	주차 정보 없음	False	False	False	김영모과자점|천연발효 하드빵|김영모과자점이 몽블랑 등 부드러운 단과자 빵 중심이라면, 공세계는 식사용으로 제격인 담백하고 건강한 천연발효 하드빵	37.4191677	127.131728
따우전드 신사점	서울 강남구 강남대로162길 36	신사 가로수길. 빈티지한 미국 감성이 물씬 풍기는 아메리칸 파이 전문점	바나나 크림 파이, 펌킨 파이	시나몬과 크림, 각종 과일이 풍성하게 올라간 진한 맛의 미국식 홈메이드 파이	바나나 크림 파이가 진짜 미국에서 먹던 그 맛 그대로 진하고 묵직해요|빈티지한 인테리어가 너무 예뻐서 어디서 사진을 찍어도 인생샷입니다|반려견 동반도 가능해서 강아지 데리고 가로수길 산책하다 들르기 좋아요	매장이 다소 협소하고 좌석이 편한 편은 아니며 가격대가 조금 높습니다.	https://blog.naver.com/cerulean1125/224302000329|https://blog.naver.com/hyuna_sunset/224303001998|https://blog.naver.com/hanyeonsu3336	주말 및 피크 타임 현장 웨이팅	False	주차 정보 없음	False	False	True	파이홀|아메리칸 파이|신촌 파이홀이 대학가의 아기자기하고 친근한 파이집이라면, 따우전드 신사점은 힙한 감성이 돋보이는 강남의 정통 아메리칸 파이	37.5206326	127.021461
카페 웨더베인	경기 성남시 분당구 장미로92번길 4	분위기 정보 없음	정보 없음	특징 정보 없음	리뷰 정보 없음	부정적 리뷰 없음	https://cafe.naver.com/|https://cafe.daum.net/|https://www.naver.com/	정보 없음	False	주차 정보 없음	False	False	False	일반 카페|특징|정보 부족으로 비교 어려움	37.4133784	127.1308776
세가지	경기 성남시 중원구 둔촌대로64번길 4-4	분위기 정보 없음	정보 없음	특징 정보 없음	리뷰 정보 없음	부정적 리뷰 없음	https://blog.naver.com/hagurang/224254459703|https://www.diningcode.com/profile.php?rid=xBE4QuBvxsVF|https://pf.kakao.com/_xhxlxmiK	정보 없음	False	주차 정보 없음	False	False	True	일반 카페|특징|정보 부족으로 비교 어려움	37.4293208	127.1257966
슈퍼플 아사이볼	서울 송파구 오금로16길 12	분위기 정보 없음	정보 없음	특징 정보 없음	리뷰 정보 없음	부정적 리뷰 없음	https://xn--o79ax03boqd.kr/|https://namu.wiki/w/슈(S.E.S.)|https://v.daum.net/v/20250916104620071	정보 없음	False	주차 정보 없음	False	False	False	일반 카페|특징|정보 부족으로 비교 어려움	37.5106334	127.1086931
행운간	서울 강남구 양재천로 189	현재 리뷰이벤트 중	스콘	특징 정보 없음	양재천 인기있는 까페에요 위치가 좋아 벚꽃시즌엔 자리잡기가 힘들었어요 비가 오는 날이라 야외쪽 테이블 잡았네요 운치있어요 볼이 유명해서 젊은 분들 요기도 되고 건강도 챙기고 좋아요 커피도 맛있어요 이층엔 갤러리처럼 … May 21, 2025 · 강남구 맛집 행운간 강남구에 위치한 감각적인 분위기의 카페 ‘행운간’은 디저트를 즐기기 좋은 공간으로, 조금 독특한 맛을 내는 아사히 시그니처 볼이 특히 인기입니다	부정적 리뷰 없음	https://m.blog.naver.com/hyemingwaay/223795854704|https://www.diningcode.com/profile.php?rid=cHe9vkubXZb5|https://become-richman.tistory.com/entry/강남구-맛집-행운간	정보 없음	False	주차 정보 없음	False	False	False	일반 카페|분위기|현재 리뷰이벤트 중...	37.4825591	127.0463116
화이트스노우 동탄점	경기 화성시 동탄순환대로 686	분위기 정보 없음	정보 없음	특징 정보 없음	리뷰 정보 없음	부정적 리뷰 없음	https://www.diningcode.com/profile.php?rid=c9vb98abo7OS|https://blog.naver.com/safeislife90/223876287944|https://www.bizbank.co.kr/article/6032752018-80	정보 없음	False	주차 정보 없음	False	False	False	일반 카페|특징|정보 부족으로 비교 어려움	37.2063306	127.1117227
포이파이	경기 화성시 지산1길 26-1	분위기 정보 없음	정보 없음	특징 정보 없음	리뷰 정보 없음	부정적 리뷰 없음	https://www.hltv.org/news/44136/community-reacts-valve-overhaul-reloading|https://codereview.stackexchange.com/questions/302107/floating-point-powers-and-roots-to-integer-exponents|https://www.hltv.org/news/39138/m0nesy-claims-iem-dallas-mvp	정보 없음	False	주차 정보 없음	False	False	False	일반 카페|특징|정보 부족으로 비교 어려움	37.2086591	127.111753
과일블럭	경기 성남시 중원구 광명로42번길 29	분위기 정보 없음	정보 없음	특징 정보 없음	다이어트할 때 좋은 과일은	부정적 리뷰 없음	https://namu.wiki/w/과일|https://m.blog.naver.com/daelim063/223394598233|https://wisdomgarden.tistory.com/entry/제철-과일-정리-월별-추천-과일-리스트	정보 없음	False	주차 정보 없음	False	False	False	일반 카페|특징|정보 부족으로 비교 어려움	37.431236	127.1344174
AVEK CHERI 아벡쉐리	서울 용산구 이태원로 247	분위기 정보 없음	정보 없음	특징 정보 없음	리뷰 정보 없음	부정적 리뷰 없음	https://www.hindwi.org/search/all?q=jeevan+ke+mahaniya+ke+prati+logon+ki+astha+kyon+main+lagi+hai.|https://www.hindwi.org/search/kavita?q=jeevan+ke+mahaniya+ke+prati+logon+ki+astha+kyon+main+lagi+hai.|https://brainly.in/question/61865653	정보 없음	False	주차 정보 없음	False	False	False	일반 카페|특징|정보 부족으로 비교 어려움	37.5369276	127.0002781
밀빛	서울 송파구 오금로16길 18	분위기 정보 없음	정보 없음	특징 정보 없음	리뷰 정보 없음	부정적 리뷰 없음	https://www.expedia.com.au/?msockid=0d3aa72ae29a627932aeb058e37d63cd|https://www.expedia.com/?msockid=0d3aa72ae29a627932aeb058e37d63cd|https://www.expedia.co.uk/?msockid=0d3aa72ae29a627932aeb058e37d63cd	정보 없음	False	주차 정보 없음	False	False	False	일반 카페|특징|정보 부족으로 비교 어려움	37.510115	127.1080662
소질	경기 성남시 중원구 둔촌대로151번길 31	소질커피 실내는 아담하면서도 곳곳에 사장님의 감성이 느껴지는 소품들로 가득 차 있었어요 전체적으로 화이트와 우드톤이 어우러져 … Sep 5, 2024 · 중원구 성남동이라는 곳인데요	정보 없음	특징 정보 없음	리뷰 정보 없음	부정적 리뷰 없음	https://blog.naver.com/aren_areum/224253561166|https://lemonsage.tistory.com/entry/성남-모란-카페-소질ㅣ모란역-근처-뒷골목에-새로-생긴-귀여운-카페|https://polle.com/place/34qfjE/소질	정보 없음	False	주차 정보 없음	False	False	False	일반 카페|분위기|소질커피 실내는 아담하면서도 곳곳에 ...	37.4296397	127.1322786
씨포케익	경기 화성시 기아자동차로 366	조용하게 맛난 음료와 빵 먹으며 바깥 국화화분들 보며 편안한 … NAVER 되었네요 씨포케익 네비치고 도착하고 보니 자주 지나다니며 보던 건물이었더라고요  …	정보 없음	특징 정보 없음	리뷰 정보 없음	부정적 리뷰 없음	https://m.blog.naver.com/sarang1002/223780813123|https://www.diningcode.com/profile.php?rid=O8BQQH6Qxspz|https://www.placeview.co.kr/id/MjExNTE3NTM1NCAg	정보 없음	False	주차 정보 없음	False	False	False	일반 카페|분위기|조용하게 맛난 음료와 빵 먹으며 바깥...	37.0557246	126.7779717
태평동커피집	경기 성남시 수정구 모란로 87	이번 글에서는 성남 태평3구역 재개발 진행 상황 최근 거래 가격 분위기 투자 시 확인해야 할 … Nov 10, 2025 · 위치/면적 성남시 수정구 태평동 4580번지 일원, 124,989㎡	정보 없음	특징 정보 없음	리뷰 정보 없음	부정적 리뷰 없음	https://findby.co.kr/경기도/성남시-수정구/태평동|https://hanihp.tistory.com/65|https://blog.naver.com/hbro123/224070822686	정보 없음	False	주차 정보 없음	False	False	False	일반 카페|분위기|이번 글에서는 성남 태평3구역 재개발...	37.4408327	127.1257948
초이베이크샵	경기 오산시 오산로 183-4	분위기 정보 없음	케이크	특징 정보 없음	리뷰 정보 없음	Feb 26, 2025 · 초이베이크샵 📌 경기 오산시 오산로 183-4 단독주택 📞 0507-877-3709 💡 영업 시간 매일 11:00~21:00 라스트 오더 20:30 모든 … 오산역 디저트 카페 초이베이크샵 ⓒ 글 / 사진 BINU 안녕하세요 비누입니다~ 오늘 저녁은 비가 솔솔 내리네용 오늘은 진짜 오래된 … 초베샵은 바스크 치즈케이크를 스무 번 넘게 배달시켜 먹은 진짜 단골이에요 매장이 오산천 근처에 있을 때도 단골이었는데 이사 가면서 …	https://blog.naver.com/0829_r2/223775146584|https://pf.kakao.com/_wnxoPG|https://www.diningcode.com/profile.php?rid=PPu0G40xV2Je	정보 없음	False	주차 정보 없음	False	False	False	일반 카페|특징|정보 부족으로 비교 어려움	37.143397	127.0680055
러프러프 아뜰리에 안국	서울 종로구 북촌로4길 19	그래서 퇴근 후 … Mar 17, 2025 · 요즘 북촌, 안국 일대는 감성적인 카페들이 하나둘 생기면서 하나씩 가보는 재미가 쏠쏠합니다	케이크	특징 정보 없음	리뷰 정보 없음	부정적 리뷰 없음	https://m.blog.naver.com/byj1802/223976267812|https://pandarank.net/contents/69d3e0faf4b5ab89d02f6a5f|https://mogey22.tistory.com/entry/안국-카페-치즈케이크가-맛있는-감성-카페-러프러프-아뜰리에	정보 없음	False	주차 정보 없음	False	False	False	일반 카페|분위기|그래서 퇴근 후 … Mar 17, 2...	37.5793976	126.9861826
도토리가든 안국점	서울 종로구 계동길 19-8	분위기 정보 없음	정보 없음	특징 정보 없음	리뷰 정보 없음	부정적 리뷰 없음	https://namu.wiki/w/도토리|http://dotoritv.com/|https://kangseng.tistory.com/entry/도토리-상수리-차이점-열매-구별-차이	정보 없음	False	주차 정보 없음	False	False	False	일반 카페|특징|정보 부족으로 비교 어려움	37.5780996	126.9862903
어니언 안국	서울 종로구 계동길 5	Oct 27, 2025 · 오늘은 서울 종로에 위치한 감성 가득한 한옥카페, ‘어니언 안국’ 방문 후기를 들고 왔어요 💛 "어니언 안국" - 주소 : 서울 종로구 계동길 5 카페 어니언 - 영업시간 : 월-금 07:00 - 22:00 … 한눈에 보기 오후 10:00까지 영업 , 오전 7:00~오후 10:00 서울 종로구 계동길 5 웹사이트 +82 70-7543-2123 이 리스팅 정보 개선하기 Apr 6, 2023 · 어니언안국은 안국역에 위치한 큰 규모의 한옥 카페인데요, 카페 인테리어는 클래식한 한옥 분위기에 모던한 인테리어의 조화가 잘 어울렸고, 무엇보다도 빵이 정말 하나같이 다 맛있어서 단순히 SNS로 …	정보 없음	특징 정보 없음	Oct 27, 2025 · 오늘은 서울 종로에 위치한 감성 가득한 한옥카페, ‘어니언 안국’ 방문 후기를 들고 왔어요 💛 "어니언 안국" - 주소 : 서울 종로구 계동길 5 카페 어니언 - 영업시간 : 월-금 07:00 - 22:00 … 한눈에 보기 오후 10:00까지 영업 , 오전 7:00~오후 10:00 서울 종로구 계동길 5 웹사이트 +82 70-7543-2123 이 리스팅 정보 개선하기 Apr 6, 2023 · 어니언안국은 안국역에 위치한 큰 규모의 한옥 카페인데요, 카페 인테리어는 클래식한 한옥 분위기에 모던한 인테리어의 조화가 잘 어울렸고, 무엇보다도 빵이 정말 하나같이 다 맛있어서 단순히 SNS로 …	부정적 리뷰 없음	https://m.blog.naver.com/yeonilogg/224055737731|https://www.tripadvisor.co.kr/Restaurant_Review-g294197-d17202019-Reviews-Onion_Anguk-Seoul.html|https://hyunvely619.tistory.com/entry/안국역-한옥카페-어니언안국-방문-후기-북촌-종로-핫플레이스-추천	정보 없음	False	주차 정보 없음	False	False	False	일반 카페|분위기|Oct 27, 2025 · 오늘은 서...	37.5774607	126.9865244
정동문화사	대전 동구 창조2길 11	분위기 정보 없음	정보 없음	특징 정보 없음	리뷰 정보 없음	한 시간 정도 대기하니 필자의 구매 차례가 됐다	https://ghddlsdud.tistory.com/378|https://blog.naver.com/mummu_eat/224120470910|https://www.placeview.co.kr/id/MTg0NjYyOTgxNSAg	현장 대기 (웨이팅 있음)	False	주차 정보 없음	False	False	False	일반 카페|특징|정보 부족으로 비교 어려움	36.3277079	127.4356228
땡큐베리머치	대전 중구 중교로 49	그럼 오늘 리뷰는 여기까지 하겠습니다	케이크	딸기도 싱싱하고 생크림이랑 너무 잘어울려요	땡큐베리머치는 케이크가 정말 맛있고 가격도 괜찮은 것 같아요|대흥동에 카페 갈 일이 있다면 땡큐베리머치 추천 드립니다	부정적 리뷰 없음	https://m.blog.naver.com/vumara/224036905543|https://yeahlife.tistory.com/418|https://www.diningcode.com/profile.php?rid=RSzXbUJ5BTrJ	정보 없음	False	주차 정보 없음	False	False	False	일반 카페|분위기|그럼 오늘 리뷰는 여기까지 하겠습니다...	36.3259071	127.4251564
더힐846	경기 화성시 동탄대로 181	논산에서 15분 거리에 위치한 더힐 컨트리클럽은 자연 친화적인 골프코스로 아름다운 자연속에 동화되어 라운딩을 즐길 수 있으며, 계룡산의 아름다운 전경을 한눈에 볼 수 있는 최고의 … Mar 26, 2026 · ⛳ 방문 후기 논산에서 15분 거리, 연산 쪽 분위기를 지나 도착한 더힐CC	정보 없음	특징 정보 없음	논산에서 15분 거리에 위치한 더힐 컨트리클럽은 자연 친화적인 골프코스로 아름다운 자연속에 동화되어 라운딩을 즐길 수 있으며, 계룡산의 아름다운 전경을 한눈에 볼 수 있는 최고의 … Mar 26, 2026 · ⛳ 방문 후기 논산에서 15분 거리, 연산 쪽 분위기를 지나 도착한 더힐CC	부정적 리뷰 없음	https://thehill.co.kr/|https://loca.tigergds.com/Field?FieldId=AKG013|https://blog.naver.com/kn0320/224230224457	정보 없음	False	주차 정보 없음	False	False	False	일반 카페|분위기|논산에서 15분 거리에 위치한 더힐 ...	37.170251	127.1049818
어서오슈	경기 성남시 수정구 탄리로 22	분위기 정보 없음	정보 없음	특징 정보 없음	리뷰 정보 없음	부정적 리뷰 없음	https://m.blog.naver.com/morgen52/223335799271|https://m.blog.naver.com/lsets/222297369008|https://www.korean.go.kr/front/onlineQna/onlineQnaView.do?mn_id=216&qna_seq=318600	정보 없음	False	주차 정보 없음	False	False	False	일반 카페|특징|정보 부족으로 비교 어려움	37.4388715	127.1389843
마르케	서울 강남구 강남대로124길 5	1 14건 의 리뷰가 작성되었어요	케이크	특징 정보 없음	빵이 전반적으로 맛있습니다|매장이아늑해서 오래있기에도 편안해서 친구랑 좋은시간 보냈습니다|둥글레차님이 좋아합니다	매장이아늑해서 오래있기에도 편안해서 친구랑 좋은시간 보냈습니다	https://blog.naver.com/kms5101041/224307965202|https://quitch.tistory.com/241|https://www.diningcode.com/profile.php?rid=6mlp0IPtLN10	정보 없음	False	주차 불가	False	False	False	일반 카페|분위기|1 14건 의 리뷰가 작성되었어요...	37.5088585	127.0231079
베이커스트 브라운	서울 강남구 강남대로102길 21	강남역이랑 신논현역에서 도보로 10분도 걸리지 않아 접근성이 좋았고, 지하 1층과 지상 1~3층까지 쓰는 대형카페라 멀리서부터 눈에 … 강남에서 다양한 카페를 방문해보았지만 연인 또는 친구와 함께 다시 오고 싶은 카페는 한 손에 꼽을 정도로 많지는 않았는데요 최근 좋은 기회가 생겨 방문해 보았는데 다시 또 오고 싶은 생각이 들게 했던, 분위기와 인테리어도 …	정보 없음	특징 정보 없음	앞쪽엔 작게 봄, 가을 날좋을때 앉아서 … Aug 29, 2025 · 강남역 CGV 골목으로 올라가면 카페를 만나볼 수 있었어요|강남역이랑 신논현역에서 도보로 10분도 걸리지 않아 접근성이 좋았고, 지하 1층과 지상 1~3층까지 쓰는 대형카페라 멀리서부터 눈에 … 강남에서 다양한 카페를 방문해보았지만 연인 또는 친구와 함께 다시 오고 싶은 카페는 한 손에 꼽을 정도로 많지는 않았는데요 최근 좋은 기회가 생겨 방문해 보았는데 다시 또 오고 싶은 생각이 들게 했던, 분위기와 인테리어도 …	부정적 리뷰 없음	https://m.blog.naver.com/hemin_way/223187608098|https://ri0101nara.tistory.com/97|https://www.diningcode.com/profile.php?rid=TzhZwyGzQrrh	정보 없음	False	주차 정보 없음	False	True	False	일반 카페|분위기|강남역이랑 신논현역에서 도보로 10분...	37.5025035	127.0272434
고페르	경기 화성시 동탄순환대로12길 8	우드톤 인테리어에 깔끔한 테이블 배치	라떼	특징 정보 없음	… Mar 1, 2026 · 위치 경기도 화성시 동탄구 동탄순환대로 12길 8 시간 화 ~ 일 10:00 ~ 21:00 월요일 휴무 주차, 포장, 배달 가능 동탄 카페 고페르 동탄 산척동에 위치한 고페르 카페 매장 앞에서부터 아늑한 … 동탄 산척동, 소금빵이 맛있는 카페 "고페르" 조용하고 아늑한 분위기에 소금빵이 맛있는 베이커리 맛집 날씨가 너무 좋았던 주말, 남편과 산책하던 중 우연히 발견한 카페 고페르 다양한 종류의 소금빵에, …	부정적 리뷰 없음	https://m.blog.naver.com/rkdwlgmlzz/224135671328|https://m.blog.naver.com/leear98/224200085195|https://www.diningcode.com/profile.php?rid=vvk5aU2pSK3W	정보 없음	False	주차 정보 없음	False	False	False	일반 카페|분위기|우드톤 인테리어에 깔끔한 테이블 배치...	37.1689423	127.1194036
흐그이므자	대전 중구 보문로 295	📝 간단 요약흑임자에서 유래한 이름의 대전 감성 카페 ‘흐그이므자’	정보 없음	특징 정보 없음	리뷰 정보 없음	부정적 리뷰 없음	https://m.blog.naver.com/aye1126/223914608030|https://www.diningcode.com/profile.php?rid=JxWAzcYwSZHE|https://yonolife.tistory.com/entry/🖤-대전-감성-카페-흐그이므자-귀여운-강아지와-함께하는-흑임자-디저트-천국	정보 없음	False	주차 정보 없음	False	False	True	일반 카페|분위기|📝 간단 요약흑임자에서 유래한 이름의...	36.3287556	127.42035
버터브루	경기 성남시 중원구 제일로63번길 14	분위기 정보 없음	정보 없음	특징 정보 없음	리뷰 정보 없음	부정적 리뷰 없음	https://music.apple.com/us/new|https://music.apple.com/de/new|https://music.apple.com/es/new	정보 없음	False	주차 정보 없음	False	False	False	일반 카페|특징|정보 부족으로 비교 어려움	37.4323851	127.1342462
아이스걸크림보이 문정점	서울 송파구 법원로 128	동년 11월 26일 데뷔 싱글인 《Over U》 를 … Apr 30, 2026 · 근래엔 힙합 에서도 자주 쓴다	정보 없음	디지털 교육 자료와 AI 기반 학습 솔루션을 제공하는 아이스크림 플랫폼입니다	리뷰 정보 없음	부정적 리뷰 없음	https://www.i-scream.co.kr/|https://namu.wiki/w/아이스(아이돌)|https://namu.wiki/w/아이스	정보 없음	False	주차 정보 없음	False	False	False	일반 카페|분위기|동년 11월 26일 데뷔 싱글인 《O...	37.4869252	127.1199664
웰로우	경기 성남시 중원구 성남대로1140번길 18	Mar 1, 2026 · 위치 웰로우 🍏 내돈내산 리뷰 입니다 🍏 [성남 - 모란역] 웰로우 (방문 날짜: 26	정보 없음	특징 정보 없음	그래서 검색하다가모란 버터떡 카페로 언급되는모란 웰로우 … 성남 모란 삼성서비스센터 1층에 볼일있어서 갔는데 대기시간이 있어서 커피 먹었어요~ 대기시간 긴디 커피한잔 마시기 좋네요 매장이 크고 삼성스토어도 있어서 구경도 가능 주차장 넓고 직원 친절하고 음료	그래서 검색하다가모란 버터떡 카페로 언급되는모란 웰로우 … 성남 모란 삼성서비스센터 1층에 볼일있어서 갔는데 대기시간이 있어서 커피 먹었어요~ 대기시간 긴디 커피한잔 마시기 좋네요 매장이 크고 삼성스토어도 있어서 구경도 가능 주차장 넓고 직원 친절하고 음료	https://m.blog.naver.com/aori_blog/224220254774|https://maljapark.com/entry/morans-buttertteok-cafe-wellow-review|https://www.diningcode.com/profile.php?rid=BQPbd0KIFaz5	현장 대기 (웨이팅 있음)	False	주차 가능	False	False	False	일반 카페|분위기|Mar 1, 2026 · 위치 웰로우...	37.4316269	127.1313797
멜리플리	경기 성남시 중원구 성남대로1139번길 10-4	분위기 정보 없음	정보 없음	특징 정보 없음	리뷰 정보 없음	부정적 리뷰 없음	https://www.douyin.com/|https://apps.microsoft.com/detail/xp89lwzp0p39nj?hl=zh-cn&gl=CN|https://apps.apple.com/cn/app/抖音-douyin/id1142110895?l=en-GB	정보 없음	False	주차 정보 없음	False	False	False	일반 카페|특징|정보 부족으로 비교 어려움	37.4316995	127.1276876
니드스윗	서울 송파구 백제고분로45길 22-1	분위기 정보 없음	아메리카노	가격대는 좀 있지만 건강한 글루텐프리 디저트도 파셔서 좋았어요 ㅎㅎ	가격대는 좀 있지만 건강한 글루텐프리 디저트도 파셔서 좋았어요 ㅎㅎ	Aug 25, 2023 · 디저트카페 '니드스윗'을 소개하려고 합니다😆 사실 이날은 폭염주의보라 날이 너무 더워서 밥 먹은 식당에서 가까운곳으로 찾은건데 카페입구부터 너무 마음에 들어서 외관에 보고 한눈에 … 송리단길에서 카페 웨이팅하다 지쳐서 돌아다니다가 발견한 오아시스같은 곳이에요	https://m.blog.naver.com/hyeja_0_/223192699182|https://www.diningcode.com/profile.php?rid=y3X1GM4ECR5u|https://j-triple.tistory.com/entry/송리단길-신상-디저트-카페-니드스윗-송파잠실-디저트-맛집-추천	현장 대기 (웨이팅 있음)	False	주차 정보 없음	True	False	False	일반 카페|특징|정보 부족으로 비교 어려움	37.5101196	127.1092183
로텐바우	경기 화성시 왕배산1길 19	분위기 정보 없음	정보 없음	특징 정보 없음	오픈런 … 1,630 Followers, 467 Following, 828 Posts - RÖTENBAU (로텐바우) (@cafe_rotenbau) on Instagram: "좋은 재료로 커피와 빵을 만드는 카페 입니다	부정적 리뷰 없음	https://m.blog.naver.com/kej_jjing/224014260852|https://www.instagram.com/cafe_rotenbau/|https://www.siksinhot.com/P/1104391	정보 없음	False	주차 정보 없음	False	False	False	일반 카페|특징|정보 부족으로 비교 어려움	37.180645	127.1242273
카페,정순	경기 성남시 중원구 제일로35번길 37	분위기 정보 없음	케이크	특징 정보 없음	커플 손님들도 많았다 카페정순 내부에 테이블이 많지는 않지만 그래도 대화하기 불편하지 않은 좌석 배치여서 좋았고 손님들 가시자마자 바로 테이블도 청소해주셔서 깔끔하게 먹을 수 있었다 케이크맛집 … Feb 23, 2026 · 대형견까지 가능,목줄착용,주소:경기 성남시 중원구 제일로35번길 37 1층 May 30, 2022 · 쌀케이크 후기 카페, 정순 위치 : 성남시 중원구 제일로 35번길 37 운영 (월요일 휴무) - 화~토 12:00~21:00 - 일요일 12:00~18:00 평소에 디저트, 특히 케이크류를 너무 좋아하는 편인데 …	부정적 리뷰 없음	https://blog.naver.com/momo__young/223782225288|https://peton.me/bbs/board.php?bo_table=addPlace&wr_id=229465|https://bloo-ming.tistory.com/entry/쌀케이크-맛집-카페-정순-모란역-디저트-카페	정보 없음	False	주차 정보 없음	False	True	False	일반 카페|특징|정보 부족으로 비교 어려움	37.4314482	127.1327558
프랭크커핀바 동탄점	경기 화성시 동탄순환대로5길 19	조용히 사색하기 좋은 곳이에요	라떼	프랭크 커피는 프랭크커핀바의 시그니처 크림라떼 메뉴 입니다	산책 후 가볍게 들르기 좋은 동선입니다|조용히 사색하기 좋은 곳이에요|남친이나 저나 항상 마시던거만 마시는데 이날은 시그니처가 땡겨서 먹었는데 너무 맛있어서 다음에또 방문하기로했어요 케이크, 음료 너무 …	부정적 리뷰 없음	https://m.blog.naver.com/sonny_315/224102865195|https://m.blog.naver.com/summerishot_/223986849746|https://www.diningcode.com/profile.php?rid=UwLjhVI10E6Q	정보 없음	False	주차 정보 없음	False	False	False	일반 카페|분위기|조용히 사색하기 좋은 곳이에요...	37.1664548	127.0995573
조앤도슨 연남본점	서울 마포구 동교로41길 31	Feb 17, 2026 · 먹는 분위기 같아서 아들이랑 가기	스콘	특징 정보 없음	리뷰 정보 없음	부정적 리뷰 없음	https://m.blog.naver.com/ttuttuchu/223669567769|https://m.blog.naver.com/sallyslaw12/224185865317|https://blog.naver.com/koakssong/224184806599	정보 없음	False	주차 정보 없음	False	False	False	일반 카페|분위기|Feb 17, 2026 · 먹는 분위...	37.5636521	126.9232497
버터맨션	경기 수원시 팔달구 화서문로 41	분위기 정보 없음	정보 없음	특징 정보 없음	리뷰 정보 없음	부정적 리뷰 없음	https://www.microsoft.com/en-us|https://account.microsoft.com/account|https://myaccount.microsoft.com/	정보 없음	False	주차 정보 없음	False	False	False	일반 카페|특징|정보 부족으로 비교 어려움	37.2853234	127.0125143
리프	경기 화성시 동탄순환대로14길 82-3	분위기 정보 없음	정보 없음	특징 정보 없음	리뷰 정보 없음	부정적 리뷰 없음	https://zhidao.baidu.com/question/694735574849032932.html|https://www.zhihu.com/question/1982105068225467846|https://zhidao.baidu.com/question/446234753107524324.html	정보 없음	False	주차 정보 없음	False	False	False	일반 카페|특징|정보 부족으로 비교 어려움	37.1698991	127.1198035
뵈르	경기 화성시 동탄치동천로2길 4-18	분위기 정보 없음	정보 없음	특징 정보 없음	리뷰 정보 없음	부정적 리뷰 없음	https://support.google.com/meet/answer/12387350?hl=en&co=GENIE.Platform=Desktop|https://support.google.com/meet/?hl=en|https://support.google.com/meet/answer/9302870?hl=en&co=GENIE.Platform=Desktop	정보 없음	False	주차 정보 없음	False	False	False	일반 카페|특징|정보 부족으로 비교 어려움	37.202664	127.1253856
레밍스	서울 송파구 석촌호수로 268	분위기 정보 없음	정보 없음	특징 정보 없음	리뷰 정보 없음	부정적 리뷰 없음	https://namu.wiki/w/레밍즈|https://www.youtube.com/watch?v=igogfFYfhv0|https://best-bk.tistory.com/260	정보 없음	False	주차 정보 없음	False	False	False	일반 카페|특징|정보 부족으로 비교 어려움	37.509534	127.105689
그레이스그래니	경기 오산시 오산대역로132번길 36	분위기 정보 없음	정보 없음	특징 정보 없음	리뷰 정보 없음	부정적 리뷰 없음	https://namu.wiki/w/그레이스|https://www.grace-cc.co.kr/index|https://smile12.tistory.com/entry/넷플릭스-그레이스-줄거리-결말-후기-해석	정보 없음	False	주차 정보 없음	False	False	False	일반 카페|특징|정보 부족으로 비교 어려움	37.1692589	127.0597513
카페 유일무이 동탄호수공원점	경기 화성시 동탄순환대로5길 5-18	조용히 사색하기 좋은 곳이에요	크로플	직접 구워내는 100% 수제 디저트라고 해요	밤치즈 케이크와 뽀또치즈 꾸덕바도 넘넘 추천|좋아할 수 밖에 없어요|조용히 사색하기 좋은 곳이에요	케이크 비싸긴하지만 맛있었어요 ㅎㅎ 동탄 호수공원 송동 카페 바스크 치즈케익 맛집	https://m.blog.naver.com/jiin9985/224019037976|https://www.diningcode.com/profile.php?rid=AX6h0OuhpNBD|https://mom-mom.net/travel/places/661346c92ae35a55af87a7af	정보 없음	False	주차 가능	False	False	False	일반 카페|분위기|조용히 사색하기 좋은 곳이에요...	37.1660992	127.0994958
리프커피 수원권선점	경기 수원시 권선구 권광로56번길 28	분위기 정보 없음	아메리카노	ㅎ 수원 권선동 카페 리프커피는 건강을 생각하는 커피전문점이라 그런지 모든 메뉴가 크게 달지 않고 담백함이 위주였던 것 같아요 돼지바 스무디도 초코 가득해서 엄청 달줄 알았는데 … 아인슈페너 (더치 아메리카노 + 크림) 다크초코렛과 견과류의 달고 고소한 풍미를 가진 원두로 내린 콜드브루가 베이스 입니다	리뷰 정보 없음	부정적 리뷰 없음	https://m.blog.naver.com/PostView.naver?blogId=maandda&logNo=224268132093|https://m.blog.naver.com/camtono_/224172487448|https://www.diningcode.com/profile.php?rid=GvAe0IOgwVaV	정보 없음	False	주차 정보 없음	False	False	False	일반 카페|특징|정보 부족으로 비교 어려움	37.2525156	127.0299526
위크위크	경기 수원시 권선구 권중로56번길 11	오늘은 수원 권선동의 조용하고 감성 가득한 디저트 맛집, '위크위크' 방문 후기를 들고 왔습니다	라떼	특징 정보 없음	리뷰 정보 없음	부정적 리뷰 없음	https://pf.kakao.com/_LHxfKb|https://polle.com/eat9_6/posts/1697|https://www.siksinhot.com/P/1708963	정보 없음	False	주차 정보 없음	False	False	False	일반 카페|분위기|오늘은 수원 권선동의 조용하고 감성 ...	37.2526833	127.0306846
베이크백	부산 동구 초량중로 53	📍 부산역 베이크백 위치 & 첫인상 부산역 근처 골목 쪽에 자리한 베이크백은 처음엔 조용해 보이지만, 문을 열고 들어가면 고소한 버터 향이 바로 느껴진다	정보 없음	특징 정보 없음	매장은 크지 않지만 정돈이 잘 되어 있고 빵 진열도 깔끔해서 보기 좋다|전에 한 번 선물받고 너무 맛있어서 기억해뒀다가 부산 여행 기념으로 방문했습니다|맛이 굉장히 여러개있는데 나머지는 그냥 그랬고 밤들어간 밤투스와 일반 플레인이 제일 맛있었어요 … Sep 13, 2025 · 부산역에서 가까운 베이크백 카페	부정적 리뷰 없음	https://blog.naver.com/mis0park/224121517038|https://www.diningcode.com/profile.php?rid=vYGBFSYXAden|https://virus880.tistory.com/82	정보 없음	False	주차 정보 없음	False	False	False	일반 카페|분위기|📍 부산역 베이크백 위치 & 첫인상 ...	35.1168026	129.038094
인터랙트with글루텐프리	서울 강남구 강남대로118길 16	분위기 정보 없음	정보 없음	특징 정보 없음	리뷰 정보 없음	부정적 리뷰 없음	https://interactcorp.co.kr/|https://www.interact.kr/kr/index.php|https://www.rotary.org/ko/get-involved/interact-clubs	정보 없음	False	주차 정보 없음	False	False	False	일반 카페|특징|정보 부족으로 비교 어려움	37.5064785	127.0248785
베통 성수	서울 성동구 연무장7가길 8	34건의 리뷰	소금빵	특징 정보 없음	SNS에서 소금빵으로 워낙 유명해서 기대 반, 궁금증 반으로 방문했는데 … Jun 2, 2025 · 마침 성수동 갈 일이 생겨서 몇 개 포장하려고 들렀는데 사람 줄이 엄청났어요 오후 1시 무렵 포장 웨이팅은 없이 바로 들어갈 수 있었고취식하는 줄은 1-2팀 꾸준히 생기더라구요얼마나 기다려야 하냐고 … Apr 17, 2025 · 서울특별시 성동구 연무장7가길 8 단독, 베통 성수 - 소금빵이 엄청 맛있는 성수 카페	SNS에서 소금빵으로 워낙 유명해서 기대 반, 궁금증 반으로 방문했는데 … Jun 2, 2025 · 마침 성수동 갈 일이 생겨서 몇 개 포장하려고 들렀는데 사람 줄이 엄청났어요 오후 1시 무렵 포장 웨이팅은 없이 바로 들어갈 수 있었고취식하는 줄은 1-2팀 꾸준히 생기더라구요얼마나 기다려야 하냐고 … Apr 17, 2025 · 서울특별시 성동구 연무장7가길 8 단독, 베통 성수 - 소금빵이 엄청 맛있는 성수 카페	https://m.blog.naver.com/daiso_dailylife/224259329727|https://realej.tistory.com/229|https://mom-mom.net/travel/places/6563ef25467df1e41ea53ae9	현장 대기 (웨이팅 있음)	False	주차 정보 없음	False	False	False	일반 카페|분위기|34건의 리뷰...	37.5429356	127.0552214
키에리	서울 용산구 이태원로26길 16-8	분위기 정보 없음	정보 없음	특징 정보 없음	리뷰 정보 없음	부정적 리뷰 없음	https://ifms.uk.gov.in/|https://ifms.uk.gov.in/e-chalan/elogin.aspx|https://ifms.uk.gov.in/Login.aspx	정보 없음	False	주차 정보 없음	False	False	False	일반 카페|특징|정보 부족으로 비교 어려움	37.5333702	126.9931885
111 OCIC	서울 송파구 백제고분로41길 31	분위기 정보 없음	정보 없음	특징 정보 없음	리뷰 정보 없음	부정적 리뷰 없음	https://namu.wiki/w/111|https://bustrain.kr/citybus/14216|https://kin.naver.com/qna/detail.naver?d1id=1&dirId=107&docId=447159084	정보 없음	False	주차 정보 없음	False	False	False	일반 카페|특징|정보 부족으로 비교 어려움	37.5084378	127.1065067
덕수궁 리에제와플	서울 중구 덕수궁길 5	👉 덕수궁 뷰 보면서 먹는 … Apr 1, 2025 · 서울 덕수궁 카페 근처 한옥 뷰를 볼 수 있고 와플과 빙수도 맛있는 '덕수궁 리에제와플 더뷰 디저트카페' 추천합니다	빙수	특징 정보 없음	👉 덕수궁 뷰 보면서 먹는 … Apr 1, 2025 · 서울 덕수궁 카페 근처 한옥 뷰를 볼 수 있고 와플과 빙수도 맛있는 '덕수궁 리에제와플 더뷰 디저트카페' 추천합니다	이번에는 BTS 공연 영향인지 웨이팅 없이 바로 먹을 수 있었습니다	https://m.blog.naver.com/summerjin_/224240590497|https://m.blog.naver.com/dydyrjah5/223817260020|https://virus880.tistory.com/117	현장 대기 (웨이팅 있음)	False	주차 정보 없음	False	False	False	일반 카페|분위기|👉 덕수궁 뷰 보면서 먹는 … Apr...	37.5648235	126.9764916
커피원	서울 종로구 새문안로3길 12	분위기 정보 없음	정보 없음	특징 정보 없음	리뷰 정보 없음	부정적 리뷰 없음	https://www.msn.com/zh-tw/entertainment/news/新兵日記-男星傅子純驚傳血癌病逝-民視證實了/ar-AA252504|https://news.ttv.com.tw/news/11506070003100W|https://www.nownews.com/news/6844278	정보 없음	False	주차 정보 없음	False	False	False	일반 카페|특징|정보 부족으로 비교 어려움	37.571309	126.9729085
스위트파크 신세계백화점강남점	서울 서초구 신반포로 176	분위기 정보 없음	정보 없음	특징 정보 없음	이번 포스팅에서는 베통의 위치, 웨이팅 팁, 추천 메뉴는 물론, 제가 직접 맛본 후기도 자세히 … 216 likes, 27 comments - b_taeng on September 7, 2025: "신세계 백화점 강남점에 약 1200평 규모로 새로 오픈한 ‘프리미엄 델리’ 전문관과 더불어 ‘스위트파크’까지 지금 가면 즐기기 좋은 커피와 디저트가 맛있는 카페와 맛집을 한번 …	Dec 19, 2024 · 신세계백화점 강남점 스위트파크에 위치한 이곳은 웨이팅이 기본인 디저트 명소인데요, 얼마나 특별하길래 사람들이 줄을 설까 궁금했답니다	https://m.blog.naver.com/tyty8938/223602470078|https://brighth.tistory.com/entry/줄-서서-먹는-베통-소금빵-맛집-신세계백화점-강남점-스위트파크-방문-꿀팁과-솔직-후기|https://www.instagram.com/p/DOTPCw5kius/	현장 대기 (웨이팅 있음)	False	주차 정보 없음	False	False	False	일반 카페|특징|정보 부족으로 비교 어려움	37.5048116	127.0037794
디스쿱	경기 화성시 동탄대로시범길 134	분위기 정보 없음	정보 없음	특징 정보 없음	리뷰 정보 없음	부정적 리뷰 없음	https://discord.com/|https://discord.com/download|https://namu.wiki/w/Discord	정보 없음	False	주차 정보 없음	False	False	False	일반 카페|특징|정보 부족으로 비교 어려움	37.2000332	127.1147699
꾸덕	경기 화성시 지산1길 21-2	오늘은 디저트 덕후인 제가 완전 반해버린 동탄 영천동 카페 ‘꾸덕’ 리뷰 들고 왔습니다	정보 없음	이름부터 … [화성/동탄] 꾸덕 떠먹케,두쫀쿠/주말 (내돈내산) 꾸덕 두쫀쿠가 유명한 수제 디저트 카페 … 857 Followers, 17 Following, 268 Posts - 동탄카페꾸덕 …	리뷰 정보 없음	부정적 리뷰 없음	https://blog.naver.com/zzupzzupi/223890493771|https://www.diningcode.com/profile.php?rid=y5S6iqAXWA7D|https://www.instagram.com/kkudukk/reels/	정보 없음	False	주차 정보 없음	False	False	False	일반 카페|분위기|오늘은 디저트 덕후인 제가 완전 반해...	37.2081596	127.1116458
베통 역삼	서울 강남구 테헤란로44길 8	- 성수 소금빵 맛집 '베통' 3층 - 3층까지 있는 베통 의자는 2층이 더 편해보였고, 3층엔 테라스도 있는데 날이 좋으면 테라스에서 먹어도 넘 좋을 듯	소금빵	특징 정보 없음	- 성수 소금빵 맛집 '베통' 3층 - 3층까지 있는 베통 의자는 2층이 더 편해보였고, 3층엔 테라스도 있는데 날이 좋으면 테라스에서 먹어도 넘 좋을 듯	부정적 리뷰 없음	https://m.blog.naver.com/allcotton_c/223374063750|https://www.instagram.com/beton.kr/|https://kr.trip.com/moments/detail/seoul-234-146165539	정보 없음	False	주차 정보 없음	False	True	False	일반 카페|분위기|- 성수 소금빵 맛집 '베통' 3층 ...	37.5023175	127.0445456
츄플러스	경기 수원시 팔달구 화서문로45번길 26	분위기 정보 없음	정보 없음	특징 정보 없음	리뷰 정보 없음	부정적 리뷰 없음	https://www.oshiete.goo.ne.jp/qa/13078600.html|https://support.google.com/chrome/answer/95346?hl=en&co=GENIE.Platform=Desktop|https://support.google.com/chrome/answer/95346?hl=pt-BR&co=GENIE.Platform=Desktop	정보 없음	False	주차 정보 없음	False	False	False	일반 카페|특징|정보 부족으로 비교 어려움	37.2864876	127.0126615
평지담	경기 수원시 팔달구 정조로 847	남돈내산으로 솔직 리뷰 시작해보겠습니다	케이크	매일 수제로 만드는 모든 메뉴는 고급 재료를 사용하여 맛과 질을 동시에 추구한다	날씨가 좋은 날엔 바람 선선하게 즐기기 좋은 곳이었어요|쑥 맛이 엄청 꾸덕하게 느껴져서 맛있었어요	찍은 사진으로 웨이팅은 앞에 딱 1팀 있었습니다	https://m.blog.naver.com/hearts1012/223618797133|https://blog.naver.com/mukbang203/224130526472|https://gmplaces.co.kr/수원-맛집-카페-평지담-최고의-메뉴와-분위기를-소개/	현장 대기 (웨이팅 있음)	False	주차 정보 없음	False	True	False	일반 카페|분위기|남돈내산으로 솔직 리뷰 시작해보겠습니...	37.2836461	127.0159839
홍라드 수원역점	경기 수원시 팔달구 향교로 61-1	늦은 시간까지 문이 열려있어서 … May 5, 2026 · 수원카페 홍라드 수원역점 수원역 근처에서 늦게까지 하는 조용한 공간을 찾다 수원역카페 탐색에 나섰고, 로데오길 끝자락의 홍라드 수원역점으로 향했습니다	정보 없음	특징 정보 없음	리뷰 정보 없음	부정적 리뷰 없음	https://usee7.tistory.com/entry/홍라드-수원역점-방문-후기|https://blog.naver.com/tukinohosino/224252298453|https://pandarank.net/contents/6924022160b5027d86469a39	정보 없음	False	주차 가능	False	True	False	일반 카페|분위기|늦은 시간까지 문이 열려있어서 … M...	37.2699108	127.0074848
퀸트	경기 수원시 팔달구 덕영대로895번길 9-1	Dec 15, 2022 · 수원역에는 근처에 예쁜 카페가 없어서 행궁동, 인계동 등을 가야 했었는데요, 최근 들어 수원역 근처 상가가 재개발되고 감성카페들이 많이 생기고 있습니다	케이크	만드는 수제디저트가 유명한 수원역 맛집이에요	좋은 수원역 카페를 발견했어요|대한통운민영주차장 : 매산로 … 겨울에 방문했을땐 밖에도 자리가 없고 1호점뿐이라 웨이팅한다고 좀 그랬는데 이젠 2호점도 있어서 좋네요|전 1호점 방문했지만 평일이라 사람이 없어서 좋았어요	대한통운민영주차장 : 매산로 … 겨울에 방문했을땐 밖에도 자리가 없고 1호점뿐이라 웨이팅한다고 좀 그랬는데 이젠 2호점도 있어서 좋네요	https://m.blog.naver.com/travel_heyjeong/223621174585|https://www.diningcode.com/profile.php?rid=xRAej4jZpDaS|https://younnme.tistory.com/5	현장 대기 (웨이팅 있음)	False	주차 가능	False	False	False	일반 카페|분위기|Dec 15, 2022 · 수원역에는...	37.2689183	126.9999155
브릭베이글	서울 마포구 동교로 43-1	분위기 정보 없음	정보 없음	특징 정보 없음	리뷰 정보 없음	부정적 리뷰 없음	https://www.ibric.org/|https://namu.wiki/w/브릭|https://bricbric.com/	정보 없음	False	주차 정보 없음	False	False	False	일반 카페|특징|정보 부족으로 비교 어려움	37.5529819	126.9071408
마이페이보릿쿠키테리아	서울 강남구 압구정로14길 15	Aug 23, 2025 · 마이페이보릿쿠키테리아 영업정보 📍위치 : 서울 강남구 압구정로14길 15 ⏰ 영업시간 : 매일 11:00-20:00 ☎️ 전화번호 : 070-7779-0066 내부 모습 & 분위기 내부는 우드톤 인테리어에 유럽 감성이 … 피스타치오 맛도 원물 맛이어서 맛있었고 두바이 맛을 좋아하시거나 두바이 맛 처음 드셔보는 분들도 가보시면 좋을 것 같습니다	정보 없음	특징 정보 없음	Aug 23, 2025 · 마이페이보릿쿠키테리아 영업정보 📍위치 : 서울 강남구 압구정로14길 15 ⏰ 영업시간 : 매일 11:00-20:00 ☎️ 전화번호 : 070-7779-0066 내부 모습 & 분위기 내부는 우드톤 인테리어에 유럽 감성이 … 피스타치오 맛도 원물 맛이어서 맛있었고 두바이 맛을 좋아하시거나 두바이 맛 처음 드셔보는 분들도 가보시면 좋을 것 같습니다	부정적 리뷰 없음	https://m.blog.naver.com/pa9e1/223980163666|https://www.diningcode.com/profile.php?rid=7CkzBBskiMgn|https://mom-mom.net/travel/places/650b9654e1869c9fff0b586e	정보 없음	False	주차 정보 없음	False	False	False	일반 카페|분위기|Aug 23, 2025 · 마이페이보...	37.5233914	127.0233592
이웃집통통이	서울 강남구 선릉로161길 19	분위기 정보 없음	정보 없음	특징 정보 없음	리뷰 정보 없음	부정적 리뷰 없음	https://search.naver.com/search.naver?query=이웃집통통이	정보 없음	False	주차 정보 없음	False	False	False	일반 카페|특징|정보 부족으로 비교 어려움	37.5273531	127.0388073
해브어	서울 마포구 월드컵로17길 38	분위기 정보 없음	케이크	평점: 해브어 서울 마포구 월드컵로17길 38 2층 평일 12시10분쯤 방문했는데 내부 자리 (3-4테이블) 모두 만석이여서 놀랐던 해브어 역시 글루텐프리 치즈케이크 맛집으로 소문이 자자한 곳이라 그런지 인기가 엄청났다	리뷰 정보 없음	부정적 리뷰 없음	https://m.blog.naver.com/mandu_daily_/223959119966|https://www.instagram.com/p/C0JJyBnhOoB/|https://www.diningcode.com/profile.php?rid=YR4w6MdAh4mj	정보 없음	False	주차 정보 없음	False	True	False	일반 카페|특징|정보 부족으로 비교 어려움	37.5557056	126.9079098
